ΔFlux[mm]_Year,Month,Day,Hour,Minute,Second Znode[mm],-5.0,-15.0,-25.0,-35.0,-45.0,-55.0,-65.0,-75.0,-85.0,-95.0,-105.0,-115.0,-125.0,-135.0,-145.0,-155.0,-165.0,-175.0,-185.0,-195.0,-205.0,-215.0,-225.0,-235.0,-245.0,-255.0,-265.0,-275.0,-285.0,-295.0,-305.0,-315.0,-325.0,-335.0,-345.0,-355.0,-365.0,-375.0,-385.0,-395.0,-405.0,-415.0,-425.0,-435.0,-445.0,-455.0,-465.0,-475.0,-485.0,-495.0,-505.0,-515.0,-525.0,-535.0,-545.0,-555.0,-565.0,-575.0,-585.0,-595.0,-605.0,-615.0,-625.0,-635.0,-645.0,-655.0,-665.0,-675.0,-685.0,-695.0,-705.0,-715.0,-725.0,-735.0,-745.0,-755.0,-765.0,-775.0,-785.0,-795.0,-805.0,-815.0,-825.0,-835.0,-845.0,-855.0,-865.0,-875.0,-885.0,-895.0,-905.0,-915.0,-925.0,-935.0,-945.0,-955.0,-965.0,-975.0,-985.0,-995.0,-1000.0
1.0,1.0,1.0,12.0,0.0,0.0,0.0,0.0,0.0,0.0,0.0,0.0,0.0,0.0,0.0,0.0,0.0,0.0,0.0,0.0,0.0,0.0,0.0,0.0,0.0,0.0,0.0,0.0,0.0,0.0,0.0,0.0,0.0,0.0,0.0,0.0,0.0,0.0,0.0,0.0,0.0,0.0,0.0,0.0,0.0,0.0,0.0,0.0,0.0,0.0,0.0,0.0,0.0,0.0,0.0,0.0,0.0,0.0,0.0,0.0,0.0,0.0,0.0,0.0,0.0,0.0,0.0,0.0,0.0,0.0,0.0,0.0,0.0,0.0,0.0,0.0,0.0,0.0,0.0,0.0,0.0,0.0,0.0,0.0,0.0,0.0,0.0,0.0,0.0,0.0,0.0,0.0,0.0,0.0,0.0,0.0,0.0,0.0,0.0,0.0,0.0,0.0,0.0,0.0,0.0,0.0,0.0
1.0,1.0,1.0,13.0,0.0,0.0,2.305269750464113,2.3050726889030955,2.304469247217149,2.3034319976975084,2.301931753288187,2.299937425862062,2.297415869382128,2.2943317059083626,2.290647132073584,2.2863217032530905,2.281312092172058,2.275571818117278,2.2690509422211917,2.2616957234365955,2.2534482287846913,2.244245890187482,2.2340209986272903,2.2227001244339633,2.2102034500762606,2.1964439987997793,2.1813267386233335,2.1647475363527526,2.146591930074532,2.126733680641559,2.105033052395033,2.081334760034739,2.055465501147662,2.0272309710952534,1.9964122269788795,1.962761227989116,1.925995327833526,1.8857904281099422,1.8417724170566245,1.7935064167701107,1.7404832537458184,1.6821024865573264,1.6176513624034143,1.5462794532623185,1.4669699394968134,1.3785115171162303,1.2794812491273806,1.1682616683511995,1.0431357582346266,0.9025597570881096,0.7459997331297981,0.5758753874760503,0.4000069058546716,0.23469897456593314,0.10602408854147671,0.03159406037274126,0.0036620409215574676,8.832256237753782e-5,2.2566391049598756e-6,6.836941823140741e-7,6.551154912241582e-7,6.545963031926495e-7,6.545868711400323e-7,6.545866997912742e-7,6.545866966788093e-7,6.545866966197576e-7,6.545866966199964e-7,6.545866966199964e-7,6.545866966199964e-7,6.545866966199964e-7,6.545866966199964e-7,6.545866966199964e-7,6.545866966199964e-7,6.545866966199964e-7,6.545866966199964e-7,6.545866966199964e-7,6.545866966199964e-7,6.545866966199964e-7,6.545866966199964e-7,6.545866966199964e-7,6.545866966199964e-7,6.545866966199964e-7,6.545866966199964e-7,6.545866966199964e-7,6.545866966199964e-7,6.545866966199964e-7,6.545866966199964e-7,6.545866966199964e-7,6.545866966199964e-7,6.545866966199964e-7,6.545866966199964e-7,6.545866966199964e-7,6.545866966199964e-7,6.545866966199964e-7,6.545866966210637e-7,6.545866966928023e-7,6.545866989101279e-7,6.545867641055711e-7,6.545885486836157e-7,6.546332210928778e-7,6.556344660867222e-7,6.75118722699731e-7,9.889627150972654e-7,4.8451383494721765e-6,3.587180128467743e-5,0.00014410426690907247,4.422015995648933e-5
1.0,1.0,1.0,14.0,0.0,0.0,2.2541424786020414,2.2539749276078354,2.2534620971911536,2.2525813963661747,2.251308844400114,2.2496189648673663,2.247484669093005,2.2448771276407626,2.241765628296939,2.238117418750843,2.2338975318871057,2.229068591254787,2.2235905938671685,2.2174206669851024,2.2105127949404526,2.2028175113251187,2.1942815509893485,2.184847455208164,2.174453122043289,2.1630312922854102,2.1505089593148803,2.136806688668628,2.1218378298913976,2.105507599195896,2.0877120063047983,2.068336592258328,2.0472549364985984,2.0243268805914916,1.9993964017173447,1.9722890505155082,1.942808843639284,1.9107344697719917,1.875814626881695,1.8377622561990758,1.7962473738133813,1.7508881263724358,1.7012396248997117,1.6467800742377623,1.5868937981035085,1.5208511325554266,1.4477861351277426,1.3666753448847313,1.2763251408115703,1.1753876876512486,1.0624796578937339,0.9365258531277556,0.7973247473507366,0.6466034227554944,0.4897351412042681,0.33539289244812476,0.19547009333955231,0.08806434483192595,0.02606560633084659,0.0029707405453895577,7.160120708494618e-5,1.9631343162359405e-6,6.785886708283808e-7,6.550269070059487e-7,6.545947703233776e-7,6.54586844695496e-7,6.545866993350132e-7,6.545866966709946e-7,6.545866966202912e-7,6.54586696619988e-7,6.54586696619988e-7,6.54586696619988e-7,6.54586696619988e-7,6.54586696619988e-7,6.54586696619988e-7,6.54586696619988e-7,6.54586696619988e-7,6.54586696619988e-7,6.54586696619988e-7,6.54586696619988e-7,6.54586696619988e-7,6.54586696619988e-7,6.54586696619988e-7,6.54586696619988e-7,6.54586696619988e-7,6.54586696619988e-7,6.54586696619988e-7,6.54586696619988e-7,6.54586696619988e-7,6.54586696619988e-7,6.54586696619988e-7,6.54586696619988e-7,6.54586696619988e-7,6.545866966201963e-7,6.545866966227933e-7,6.545866967605819e-7,6.545867007247486e-7,6.545868101987138e-7,6.545896144420693e-7,6.546551898294712e-7,6.560253798926474e-7,6.808261358801121e-7,1.0514039975405085e-6,5.262811579644395e-6,3.655192808548212e-5,0.0001371158306840612,4.854752847452648e-5
1.0,1.0,1.0,15.0,0.0,0.0,2.2174186244082392,2.2172709450233157,2.2168190925943065,2.2160436201016154,2.2149239226122575,2.2134381527663862,2.211563128213399,2.20927423002054,2.206545290945442,2.203348472292987,2.1996541278783397,2.195430653388158,2.1906443191552363,2.185259084034392,2.179236387672354,2.1725349179974707,2.1651103501821147,2.1569150526469834,2.1478977548381906,2.1380031704833833,2.1271715687806285,2.1153382844178914,2.102433155396426,2.0883798752277585,2.0730952430500196,2.056488291402637,2.0384592665494807,2.018898430055895,1.9976846423692045,1.9746836788732143,1.9497462155289185,1.9227054037834357,1.8933739316041454,1.8615404375764193,1.8269651058601575,1.7893742189646034,1.7484533803573115,1.7038390386654356,1.6551078525782366,1.6017633446226753,1.5432192459849716,1.4787790561737264,1.4076119693261777,1.3287275100399167,1.2409578692180059,1.1429708018535027,1.0333611652104526,0.910961458262852,0.7756776645217354,0.6298410384926934,0.47983784654946326,0.3377974912999018,0.2159763881439089,0.11957087269093464,0.052310926890312255,0.014872961554677351,0.0015303037384325237,3.566403724745197e-5,1.3069381726666904e-6,6.666905847147387e-7,6.54811257289242e-7,6.545908628384887e-7,6.545867739136756e-7,6.545866980539131e-7,6.545866966464865e-7,6.54586696620586e-7,6.5458669662001e-7,6.5458669662001e-7,6.5458669662001e-7,6.5458669662001e-7,6.5458669662001e-7,6.5458669662001e-7,6.5458669662001e-7,6.5458669662001e-7,6.5458669662001e-7,6.5458669662001e-7,6.5458669662001e-7,6.5458669662001e-7,6.5458669662001e-7,6.5458669662001e-7,6.5458669662001e-7,6.5458669662001e-7,6.5458669662001e-7,6.5458669662001e-7,6.5458669662001e-7,6.5458669662001e-7,6.5458669662001e-7,6.545866966203014e-7,6.545866966262882e-7,6.545866968508841e-7,6.545867030670234e-7,6.545868662645649e-7,6.545908351517294e-7,6.546788435610444e-7,6.564202393160394e-7,6.862210197832382e-7,1.1064419150249398e-6,5.603911747309731e-6,3.704357924766015e-5,0.00013203813858222307,5.191087087706204e-5
1.0,1.0,1.0,16.0,0.0,0.0,2.184576262632362,2.1844456000499264,2.1840459435269253,2.1833604722461217,2.182371395853039,2.1810598867628954,2.179406006332684,2.1773886242090015,2.174985330041544,2.1721723366574395,2.168924373648167,2.1652145701696526,2.161014325570278,2.1562931662482043,2.151018586879033,2.145155873853877,2.138667908402553,2.1315149464380596,2.1236543716379295,2.115040417637161,2.105623854440079,2.0953516332119797,2.0841664824590325,2.0720064471735427,2.0588043607579927,2.0444872373298963,2.0289755692464695,2.0121825111912734,1.9940129277342074,1.9743622756010293,1.9531152846027826,1.9301443917267829,1.9053078705873716,1.878447582291951,1.8493862524873776,1.8179241511298798,1.7838350139916344,1.7468609949832867,1.7067063722317393,1.6630296444203942,1.615433544493147,1.5634523692035742,1.5065358991623583,1.4440291450962732,1.3751474209519152,1.2989473417722301,1.2142976908944139,1.119863912087263,1.0141438206638895,0.8956358597846865,0.7633458340779438,0.6181425931648556,0.46503718059667687,0.3154689262736863,0.18872632116265065,0.1001683788853236,0.04748389586639761,0.019401410489808698,0.005117246826896091,0.0004365263534472032,1.004905963410042e-5,8.312277919751944e-7,6.578989635848862e-7,6.546488030584035e-7,6.545878611406756e-7,6.545867184558282e-7,6.545866970296148e-7,6.54586696627391e-7,6.545866966200845e-7,6.545866966199812e-7,6.545866966199812e-7,6.545866966199812e-7,6.545866966199812e-7,6.545866966199812e-7,6.545866966199812e-7,6.545866966199812e-7,6.545866966199812e-7,6.545866966199812e-7,6.545866966199812e-7,6.545866966199812e-7,6.545866966199812e-7,6.545866966199812e-7,6.545866966199812e-7,6.545866966199812e-7,6.545866966199812e-7,6.545866966199812e-7,6.545866966199812e-7,6.545866966205301e-7,6.545866966314466e-7,6.545866969737953e-7,6.545867061494999e-7,6.545869372638762e-7,6.54592321626059e-7,6.547065096637431e-7,6.568632389785952e-7,6.92016415443865e-7,1.1629061371436365e-6,5.936522178999061e-6,3.74839076946505e-5,0.00012746074519684718,5.5066941209079036e-5
1.0,1.0,1.0,17.0,0.0,0.0,2.151411709487192,2.1512973621302933,2.150947724154335,2.1503484160266737,2.149484257313844,2.148339213347043,2.1468963373113397,2.14513770726316,2.143044357514931,2.1405962037512367,2.137771961151252,2.134549054692201,2.1309035206876388,2.126809898476722,2.1222411110148727,2.1171683329252033,2.111560844340193,2.105385868592684,2.0986083914921068,2.0911909595343943,2.0830934539298624,2.0742728367712857,2.0646828649841353,2.054273766870743,2.0429918750447413,2.030779208300153,2.017572993412678,2.0033051159412807,1.9879014866865852,1.971281307421009,1.9533562156510698,1.9340292832537145,1.913193837508551,1.8907320648733048,1.8665133472023996,1.8403922661434038,1.812206193009871,1.7817723569395874,1.7488842514526581,1.7133071957291932,1.6747728082520652,1.6329720722562548,1.5875465697439886,1.5380773305217126,1.4840705895783124,1.4249395993808704,1.359981601229748,1.2883494009963066,1.2090184331558937,1.1207545520718298,1.0221003603188166,0.9114304965561661,0.787188339411081,0.6485706191989404,0.4973308185026406,0.3407683645001258,0.19447305187847874,0.08297850150621922,0.021935731417183746,0.0018695171541070754,4.0934950332416884e-5,1.4119650771788201e-6,6.687886027952015e-7,6.548529885961659e-7,6.545916897039677e-7,6.545867902442455e-7,6.545866983764886e-7,6.545866966517974e-7,6.545866966204725e-7,6.545866966199947e-7,6.545866966199947e-7,6.545866966199947e-7,6.545866966199947e-7,6.545866966199947e-7,6.545866966199947e-7,6.545866966199947e-7,6.545866966199947e-7,6.545866966199947e-7,6.545866966199947e-7,6.545866966199947e-7,6.545866966199947e-7,6.545866966199947e-7,6.545866966199947e-7,6.545866966199947e-7,6.545866966199947e-7,6.545866966199947e-7,6.545866966199947e-7,6.545866966210637e-7,6.545866966399119e-7,6.545866971671323e-7,6.545867108459029e-7,6.545870417491883e-7,6.545944299906894e-7,6.547442311869646e-7,6.574421388285558e-7,6.992489724409503e-7,1.229889521314396e-6,6.308821315673046e-6,3.792801166363805e-5,0.00012279278470196837,5.8427972483148915e-5
1.0,1.0,1.0,18.0,0.0,0.0,2.1179894818881593,2.1178905126421554,2.117587990979011,2.117069750662452,2.1163229698195494,2.115334129239443,2.1140889672742915,2.112572430989374,2.110768623174039,2.1086607447647623,2.106231032181725,2.1034606890069583,2.1003298113604743,2.096817306231287,2.092900801926639,2.0885565496679632,2.0837593152252225,2.078482259306618,2.0726968052210033,2.0663724920923023,2.0594768116168396,2.0519750260210508,2.0438299644608193,2.0350017946191628,2.0254477656571446,2.0151219179487008,2.003974754144288,1.991952865013367,1.9789985021667427,1.9650490880854434,1.95003665177774,1.9338871757520302,1.9165198366452607,1.89784611758731,1.8777687649121013,1.8561805547600123,1.832962825922177,1.8079837232324003,1.781096079922147,1.7521348462754283,1.720913943799161,1.6872223865091769,1.6508194606154127,1.6114286869977867,1.5687302034396176,1.5223510937020919,1.471853064594569,1.4167167618800924,1.3563220188165381,1.289923719335075,1.216624522558945,1.1353503083756102,1.0448445528967163,0.9437251361629162,0.8307190204706538,0.7051920281766657,0.5680931517107237,0.4237681097967434,0.2809615434524501,0.1536315307771738,0.06167301124102435,0.01444203583802305,0.0009167745544938026,1.9284727024351786e-5,1.006914135776036e-6,6.612404137943014e-7,6.547123489654178e-7,6.545890695045882e-7,6.54586741429337e-7,6.545866974666516e-7,6.545866966357038e-7,6.545866966203115e-7,6.545866966199964e-7,6.545866966199964e-7,6.545866966199964e-7,6.545866966199964e-7,6.545866966199964e-7,6.545866966199964e-7,6.545866966199964e-7,6.545866966199964e-7,6.545866966199964e-7,6.545866966199964e-7,6.545866966199964e-7,6.545866966199964e-7,6.545866966199964e-7,6.545866966199964e-7,6.545866966199964e-7,6.545866966202878e-7,6.545866966571066e-7,6.545866975530947e-7,6.545867196656352e-7,6.545872266059518e-7,6.545979370672681e-7,6.548030814206261e-7,6.582868007804389e-7,7.090836561268099e-7,1.314361416502833e-6,6.740586552688113e-6,3.837043926577591e-5,0.00011802311703202652,6.200678126114321e-5
1.0,1.0,1.0,19.0,0.0,0.0,2.0964162211222828,2.0963266895532513,2.096053070754813,2.095584518594137,2.09490961470658,2.094016333175446,2.0928920024308297,2.0915232640901564,2.0898960284292585,2.087995426136672,2.0858057559565566,2.083310427780596,2.080491900681807,2.077331615325541,2.0738099201055675,2.069905990268687,2.0655977391793883,2.060861720754687,2.0556730219508594,2.0500051440115215,2.0438298709805736,2.0371171237413996,2.0298347975544964,2.02194858071546,2.0134217515386794,2.004214950370752,1.9942859227178111,1.983589228830951,1.972075914173324,1.9596931340641461,1.9463837243986113,1.9320857085942578,1.9167317287312855,1.9002483860934198,1.8825554728109672,1.8635650718295729,1.8431804966565757,1.8212950348611265,1.79779044953942,1.7725351801174227,1.7453821668723997,1.7161662009261,1.6847006711872687,1.6507735391037741,1.614142317652341,1.5745277586231516,1.5316058579939131,1.4849976720644769,1.4342563070187389,1.378850344374019,1.3181430272299117,1.2513671179928743,1.1775973706485487,1.0957286723316475,1.004484463032405,0.9025131854332127,0.788712757771723,0.6631298267158936,0.5284841404401455,0.3918361440499747,0.26558232014408456,0.16019452474871498,0.0804174138368753,0.029515679720787967,0.005750090219918384,0.0002514038219877161,5.57351858265892e-6,7.480928879740835e-7,6.563631250949263e-7,6.546204447772905e-7,6.545873377589413e-7,6.545867088006538e-7,6.54586696851582e-7,6.545866966232643e-7,6.545866966205233e-7,6.545866966199896e-7,6.545866966199896e-7,6.545866966199896e-7,6.545866966199896e-7,6.545866966199896e-7,6.545866966199896e-7,6.545866966199896e-7,6.545866966199896e-7,6.545866966199896e-7,6.545866966199896e-7,6.545866966199896e-7,6.545866966199896e-7,6.545866966207588e-7,6.545866966753094e-7,6.545866979890693e-7,6.545867290961443e-7,6.545874146385213e-7,6.546013250768065e-7,6.54856985605917e-7,6.590189361129383e-7,7.171310790583691e-7,1.3793931857563615e-6,7.051418806174688e-6,3.865104171277907e-5,0.00011490874796109274,6.43832499404596e-5
1.0,1.0,1.0,20.0,0.0,0.0,2.076479342056828,2.076398302829574,2.0761506858655423,2.0757268152392925,2.0751165152521764,2.0743090805230153,2.0732932438099567,2.072057141336707,2.070588275389511,2.0688734739087025,2.0668988467687015,2.0646497384050164,2.0621106764010264,2.0592653155976564,2.0560963772321372,2.052585582542001,2.0487135801990846,2.044459866841848,2.0398026998714727,2.0347190015546275,2.0291842533297526,2.0231723790429967,2.016655615636406,2.0096043695720027,2.0019870569895843,1.9937699252479,1.9849168530905779,1.9753891261770846,1.9651451841122558,1.9541403343690682,1.9423264275940149,1.9296514876670159,1.9160592885031527,1.901488867860138,1.885873966251161,1.869142376333329,1.851215184680239,1.8320058834103286,1.811419323446131,1.789350473780555,1.7656829414725088,1.7402871943958615,1.7130184119442617,1.6837138664700646,1.6521897081719068,1.6182369856606904,1.5816166798643856,1.5420534556142051,1.499227737979286,1.4527655951371088,1.4022257588762237,1.3470829621434781,1.2867067074187055,1.2203348585532723,1.1470427683668625,1.0657127845702128,0.975020958551454,0.8734897646508308,0.7597182197009875,0.6330606656903299,0.49537379469204534,0.3535935024732906,0.22197508121548415,0.12057074117400635,0.05729804190643417,0.02429887442345464,0.007889459335580218,0.001175893183646601,3.629460740005331e-5,1.3445853612950524e-6,6.677868326804405e-7,6.548391662276588e-7,6.545915254051665e-7,6.545867889741383e-7,6.545866983873256e-7,6.545866966539421e-7,6.545866966205826e-7,6.545866966200625e-7,6.545866966200201e-7,6.545866966200201e-7,6.545866966200201e-7,6.545866966200201e-7,6.545866966200201e-7,6.545866966200201e-7,6.545866966200201e-7,6.545866966200201e-7,6.545866966202404e-7,6.545866966216668e-7,6.545866966980963e-7,6.545866985324172e-7,6.545867405292933e-7,6.545876363982894e-7,6.546052097256703e-7,6.549170318569016e-7,6.598105972790747e-7,7.255682611111869e-7,1.4453903367291432e-6,7.355784856062411e-6,3.890710557991528e-5,0.00011201171420164267,6.660136570467217e-5
1.0,1.0,1.0,21.0,0.0,0.0,2.054404187496715,2.05433218217226,2.054112215796181,2.0537358293992867,2.0531941373110953,2.05247780250334,2.0515770101367536,2.0504814391465302,2.049180231682989,2.0476619602035555,2.0459145919875894,2.0439254508202254,2.0416811755577413,2.0391676752550225,2.0363700804920484,2.033272690492339,2.029858915570607,2.026111214386688,2.022011025409455,2.0175386919119163,2.012673379720866,2.0073929868304745,2.001674043855573,1.9954916041431687,1.9888191221739149,1.981628318664825,1.973889030521569,1.9655690434738347,1.956633904849518,1.9470467134881702,1.9367678832422186,1.925754875842017,1.9139618980793145,1.9013395572524914,1.8878344675668473,1.8733887986289375,1.8579397552296086,1.8414189751642382,1.8237518287382812,1.8048565996571142,1.7846435219242522,1.763013640815899,1.7398574574572336,1.7150533053217032,1.688465392166563,1.659941421208444,1.6293096789364512,1.5963754413792977,1.5609165025147256,1.522677563354474,1.4813631324438425,1.4366284719480014,1.3880679740425457,1.3352001757103942,1.277448453662135,1.2141164128912365,1.1443574693884813,1.0671401500671926,0.9812168085455717,0.8851213256030661,0.7772683598974499,0.6563167359601518,0.522205626856147,0.3786689462182533,0.23638047274776675,0.11516315894398943,0.03791175282827319,0.005652839945804025,0.0001720687105425862,3.973206348301074e-6,7.180741412921849e-7,6.558009763482168e-7,6.546099211909529e-7,6.545871408151752e-7,6.545867051170278e-7,6.545866967831993e-7,6.545866966227459e-7,6.545866966202336e-7,6.545866966199964e-7,6.545866966199964e-7,6.545866966199964e-7,6.545866966199964e-7,6.545866966199964e-7,6.545866966199964e-7,6.545866966199964e-7,6.545866966199964e-7,6.545866966210637e-7,6.545866966234269e-7,6.545866967359417e-7,6.545866994173278e-7,6.545867586145699e-7,6.54587976353311e-7,6.546109703984522e-7,6.550029934838513e-7,6.609021309740394e-7,7.367407067463937e-7,1.5290102760240215e-6,7.722534708203677e-6,3.918439244557728e-5,0.00010877121052945728,6.908246945011337e-5
1.0,1.0,1.0,22.0,0.0,0.0,2.033779311476458,2.0337153226395657,2.0335198827401655,2.0331855830265724,2.032704648766156,2.0320689187556766,2.031269823390083,2.030298361169258,2.0291450734989667,2.0278000176317406,2.026252737574154,2.0244922327678196,2.0225069243267413,2.02028461859409,2.017812467743596,2.0150769271267777,2.0120637090205094,2.008757732392837,2.005143068250156,2.0012028800703234,1.9969193587625682,1.9922736515108,1.9872457837710016,1.9818145735827315,1.9759575372273872,1.9696507851243652,1.9628689066741174,1.9555848425541278,1.9477697427220981,1.9393928080933698,1.9304211134947593,1.920819409075328,1.9105498968377077,1.8995719783146932,1.88784196865425,1.8753127714191855,1.8619335072366425,1.8476490879742862,1.8323997262913245,1.8161203681158362,1.7987400326866059,1.7801810410836048,1.7603581093978953,1.7391772765231508,1.7165346285014422,1.692314770800646,1.6663889859318815,1.638612995215862,1.6088242185813328,1.5768383926993863,1.5424453624140462,1.5054037992829912,1.465434519363992,1.4222119659107477,1.3753532915669098,1.3244043351842159,1.2688217049330248,1.207950347006605,1.1409969301621317,1.0670026523130574,0.984828397310098,0.8931854213397425,0.7908012121101287,0.6769190174038844,0.5521680757180905,0.4200011012270446,0.2882303531321678,0.16776666439084703,0.07424602587139435,0.02083616263739443,0.0020747915937975197,4.883840072219468e-5,1.5837140554817183e-6,6.724324483965314e-7,6.549294339828553e-7,6.545932790663306e-7,6.545868230402195e-7,6.54586699047393e-7,6.545866966675556e-7,6.54586696620215e-7,6.545866966199896e-7,6.545866966199896e-7,6.545866966199896e-7,6.545866966199896e-7,6.545866966199896e-7,6.545866966199896e-7,6.54586696621062e-7,6.545866966269387e-7,6.545866968049342e-7,6.545867008716326e-7,6.545867870046562e-7,6.545884838063994e-7,6.546191333649318e-7,6.551183961644287e-7,6.622872237720776e-7,7.501026698441226e-7,1.6228914007209736e-6,8.10635421149849e-6,3.9432837916171504e-5,0.00010569760383040243,7.138987169800104e-5
1.0,1.0,1.0,23.0,0.0,0.0,2.01975504098602,2.019696319371917,2.0195169902887926,2.019210322451535,2.018769256833764,2.0181863887169342,2.0174539485145573,2.016563781269113,2.0155073246991435,2.0142755856735874,2.012859114971171,2.011247980160938,2.0094317364379677,2.0073993952071945,2.005139390206189,2.002639540915098,1.9998870129823771,1.996868275356256,1.993569053772383,1.9899742802073703,1.9860680378497193,1.9818335010848145,1.9772528699172796,1.9723072981740515,1.966976814740164,1.961240236958126,1.9550750752059827,1.9484574274994024,1.9413618627963345,1.9337612914529956,1.925626821031372,1.9169275953449763,1.9076306142578403,1.8977005313056488,1.8870994256589135,1.8757865442852584,1.8637180093533736,1.8508464849129602,1.8371207956434858,1.8224854889080007,1.8068803294027944,1.7902397132319017,1.7724919851145948,1.7535586384318158,1.7333533726690469,1.7117809761259046,1.6887359930154915,1.6641011225596465,1.6377452823866356,1.6095212480956924,1.5792627533442172,1.5467808976288495,1.5118596585367037,1.4742502371058173,1.4336638737640506,1.389762653584036,1.3421476744310397,1.2903438010595032,1.2337801526319758,1.1717657172141145,1.1034607366838145,1.0278485483912476,0.943724628795259,0.8497508152392381,0.744682579565902,0.6280556177811185,0.5017835198695328,0.37199776521651096,0.2505981584158723,0.15093942685342143,0.07744296321401878,0.03032355327317781,0.006879097572283927,0.0004100862555434718,9.094949581166794e-6,8.181600754333397e-7,6.577528554461556e-7,6.546479799572998e-7,6.545878828045106e-7,6.545867195786008e-7,6.545866970639586e-7,6.54586696628399e-7,6.545866966203217e-7,6.545866966199676e-7,6.545866966199676e-7,6.545866966199676e-7,6.54586696620896e-7,6.545866966308486e-7,6.545866968786447e-7,6.545867023816772e-7,6.545868153749592e-7,6.545889713679473e-7,6.546266670468705e-7,6.552205903891079e-7,6.634626229412779e-7,7.609511514828633e-7,1.6956452763607698e-6,8.389021585608698e-6,3.959527104474808e-5,0.0001035823253463658,7.293196422964929e-5
1.0,1.0,2.0,0.0,0.0,0.0,2.006679633267197,2.006625730015955,2.006461136672499,2.0061797353625366,2.0057751146168243,2.0052405536514186,2.004569005605468,2.00375307964768,2.002785021861385,2.0016566947982,2.0003595555859803,1.9988846324629037,1.9972224995921124,1.9953632500031517,1.9932964664776023,1.9910111901878125,1.988495886864456,1.9857384102479827,1.9827259625492815,1.9794450516045075,1.9758814443776203,1.9720201164115636,1.967845196781866,1.963339908040794,1.9584865005743026,1.9532661807083542,1.947659031805955,1.941643927486119,1.9351984359615955,1.9282987143347796,1.920919391512662,1.913033438175308,1.9046120219756908,1.8956243458332658,1.886037466806357,1.8758160925747518,1.8649223520060225,1.8533155356113333,1.8409518008583845,1.8277838362977832,1.8137604771873725,1.7988262637215904,1.7829209309934235,1.7659788173147142,1.7479281743434392,1.728690358397401,1.7081788770943653,1.6862982586500443,1.662942702263905,1.6379944562871884,1.6113218552786854,1.5827769261961109,1.5521924458737324,1.5193782938537055,1.4841168928473252,1.4461574586208563,1.4052086857628368,1.360929369109801,1.3129162992381858,1.2606885849010467,1.2036674000407181,1.141150208884028,1.0722793213728394,0.9960076105873732,0.911073166003252,0.816020775087992,0.7093716319648902,0.5901609040443585,0.45943157328301254,0.32318332920743575,0.19489468167590784,0.0955532109957975,0.03784540272966863,0.013378540489075972,0.004348146629901499,0.000712960733804615,2.4987194571443443e-5,1.1348432882790212e-6,6.639109572361989e-7,6.547676705927036e-7,6.545902091090885e-7,6.545867647928875e-7,6.54586697943648e-7,6.545866966456226e-7,6.545866966204047e-7,6.545866966201032e-7,6.545866966208435e-7,6.545866966354582e-7,6.545866969657197e-7,6.545867041238037e-7,6.545868475175472e-7,6.545895134935907e-7,6.546348829196852e-7,6.553298165737471e-7,6.646927567542364e-7,7.720558905541396e-7,1.7683684817851244e-6,8.664151863184473e-6,3.974307449254621e-5,0.0001015963718880384,7.435168912393625e-5
1.0,1.0,2.0,1.0,0.0,0.0,1.9897977890869925,1.989749881737282,1.9896036203561493,1.9893536357844965,1.9889943058578297,1.9885197422466945,1.987923776455986,1.9871999449175775,1.986341473101028,1.9853412585627268,1.9841918528439066,1.9828854421193114,1.9814138264888328,1.979768397791041,1.9779401158069376,1.9759194827057485,1.97369651556874,1.9712607168085157,1.9686010422796159,1.9657058668518772,1.9625629471909178,1.9591593814577735,1.955481565604039,1.9515151458969981,1.947244967260815,1.9426550169650412,1.9377283631267233,1.9324470874181543,1.92679221128423,1.9207436148726842,1.9142799477594394,1.9073785304110515,1.9000152451595795,1.8921644152672314,1.8837986704232605,1.874888796733579,1.8654035689262827,1.855309562088678,1.8445709397574532,1.833149214583436,1.821002977057148,1.8080875868777326,1.7943548204302573,1.779752466447711,1.7642238601955498,1.7477073443297968,1.7301356418094542,1.7114351227098226,1.6915249422458416,1.6703160214438881,1.6477098342482392,1.6235969547991687,1.5978553053179283,1.5703480272910113,1.5409208748077603,1.5093989966543333,1.4755829299033323,1.4392435678825564,1.400115783812474,1.3578902810981646,1.312203095523941,1.2626219921511428,1.2086288004263004,1.1495965997945845,1.0847608758584713,1.0131851003558943,0.9337257501991694,0.8450152100660837,0.745519930596469,0.6338191791303363,0.5094227889541738,0.37491571069982044,0.23934404689936528,0.12048333742569461,0.04136576509435552,0.006799673728115685,0.00023295424231807842,5.239543756049961e-6,7.436044556941186e-7,6.563144376883182e-7,6.546202300439199e-7,6.545873474642617e-7,6.545867092535894e-7,6.545866968646212e-7,6.545866966237081e-7,6.54586696620713e-7,6.545866966203505e-7,6.545866966438302e-7,6.545866971442166e-7,6.545867075344886e-7,6.545869083164456e-7,6.54590502880518e-7,6.546493264382574e-7,6.555144605460189e-7,6.666883349063364e-7,7.893006437709178e-7,1.8761148610156914e-6,9.050836666854535e-6,3.9923275652070265e-5,9.899366012452483e-5,7.611907839954525e-5
1.0,1.0,2.0,2.0,0.0,0.0,1.9777410123089538,1.9776972213989694,1.9775635421012936,1.9773351088026345,1.9770068294429848,1.9765733739659481,1.9760291620573582,1.9753683501046737,1.9745848173248461,1.9736721509879231,1.9726236306666962,1.9714322114299634,1.9700905058908447,1.9685907650121237,1.966924857561537,1.9650842480937314,1.9630599733305232,1.960842616787886,1.9584222814866123,1.955788560565999,1.9529305055911763,1.9498365923281185,1.9464946837295756,1.9428919898405184,1.9390150242990387,1.934849557064382,1.9303805629561879,1.9255921655308725,1.9204675757566463,1.9149890248746502,1.9091376907413462,1.9028936168459225,1.8962356230717816,1.8891412071330045,1.8815864354350254,1.8735458219201213,1.8649921932048805,1.8558965380321268,1.8462278387156985,1.8359528818258575,1.8250360448613918,1.8134390550286668,1.801120715480856,1.7880365934344482,1.7741386634066245,1.759374897365774,1.7436887917596913,1.727018819075294,1.7092977886588514,1.6904520977643145,1.670400848963446,1.6490548037616612,1.6263151340345594,1.6020719220469992,1.576202345383404,1.5485684637947585,1.5190144989130552,1.4873634624559848,1.453412940512294,1.4169297762481605,1.377643305566366,1.3352366849835207,1.289335708428844,1.2394943587032436,1.1851762562164154,1.1257313924824857,1.0603687371641541,0.9881293141455743,0.9078765268239195,0.818349429485302,0.7183858789771076,0.6075899124555058,0.48755434081549076,0.36330620295382454,0.24433443751346307,0.1404653397025386,0.0620284155088647,0.017395944105551536,0.0017320950745181162,4.130324457740166e-5,1.4483176548262036e-6,6.700244892665974e-7,6.54886933246242e-7,6.545925356603564e-7,6.545868101768874e-7,6.545866988294666e-7,6.545866966639219e-7,6.545866966550246e-7,6.545866973604167e-7,6.54586711500988e-7,6.545869761028288e-7,6.545915587936332e-7,6.546640608293633e-7,6.556942155792039e-7,6.68538760780737e-7,8.044949102755839e-7,1.9660241071165964e-6,9.354602357652952e-6,4.004171118681581e-5,9.709872410784866e-5,7.730381505616593e-5
1.0,1.0,2.0,3.0,0.0,0.0,1.9681111934579718,1.9680706297927628,1.96794681342287,1.9677352697470951,1.9674313180791785,1.96703006131861,1.9665263749915312,1.9659148956186385,1.965190008352252,1.9643458338336188,1.9633762141999682,1.9622746981796269,1.9610345251983006,1.9596486084109372,1.958109516574197,1.956409454655109,1.9545402430660204,1.9524932954043095,1.950259594560272,1.9478296670389312,1.9451935553335886,1.9423407881573098,1.9392603483228683,1.935940638039206,1.9323694413577925,1.9285338834679138,1.9244203865118052,1.9200146215353655,1.9153014561446824,1.910264897382497,1.904888029264285,1.8991529443397894,1.89304066855086,1.8865310785469873,1.8796028104952356,1.8722331592643222,1.8643979666922839,1.8560714974245087,1.8472263005627383,1.8378330550555866,1.8278603963966482,1.8172747217482232,1.8060399700732113,1.7941173731899873,1.7814651728609157,1.7680382980168012,1.7537879949772197,1.7386614019726387,1.722601057313959,1.705544328085999,1.6874227430840918,1.6681612096707639,1.64767708900105,1.6258790972569486,1.6026659916009862,1.5779249877411523,1.551529840252961,1.523338495655075,1.4931901996294386,1.460901900878799,1.4262637410290928,1.3890333475875636,1.3489285490516032,1.3056180018148993,1.2587090564753893,1.2077320146972426,1.1521198147326963,1.0911823836788273,1.0240761335798503,0.9497732858891048,0.8670481941016064,0.7745332437626047,0.670971040226588,0.5559673591513157,0.43186294895193456,0.3060841761129707,0.19262863611100256,0.10685635410161864,0.050970297623398754,0.019043689259421633,0.0040046892830436975,0.00020476021694256852,4.818346475837662e-6,7.359090524366102e-7,6.561736336625002e-7,6.546176638316524e-7,6.545873009105517e-7,6.545867084579544e-7,6.545866978214568e-7,6.545867156561149e-7,6.545870452335176e-7,6.545926080178071e-7,6.546783202903425e-7,6.558635637544743e-7,6.702348694712926e-7,8.180347656036086e-7,2.043825171391368e-6,9.60923164037238e-6,4.013147211122338e-5,9.556836406753207e-5,7.820912178444894e-5
1.0,1.0,2.0,4.0,0.0,0.0,1.9583446630913102,1.9583073162355902,1.9581933296810803,1.957998615013139,1.9577188975982551,1.9573497074196524,1.9568863693703662,1.956323992962865,1.9556574614121445,1.9548814200450266,1.9539902639836626,1.9529781250463643,1.951838857804077,1.950566024723912,1.9491528803253146,1.9475923542659643,1.9458770332670667,1.9439991417773683,1.9419505212652837,1.9397226080162966,1.9373064092990901,1.9346924777490955,1.9318708838007552,1.9288311859797531,1.9255623988449955,1.9220529583440182,1.918290684316844,1.914262739849832,1.9099555871431235,1.9053549395109357,1.9004457090831437,1.8952119497183872,1.8896367945691281,1.883702387661181,1.8773898087554386,1.870678990651541,1.863548627964061,1.8559760762502542,1.847937240188692,1.8394064492940103,1.8303563193976444,1.8207575978181652,1.8105789897751308,1.7997869631544248,1.788345528189673,1.776215987960967,1.7633566547970219,1.7497225266619552,1.7352649163571954,1.7199310248100872,1.7036634477591903,1.6863996026662846,1.6680710595262696,1.648602755196599,1.6279120656351225,1.6059077036268121,1.5824884006478257,1.557541319708882,1.530940130285245,1.5025426553104708,1.472187971622965,1.439692806325219,1.4048470182550261,1.3674078807724612,1.3270927824170258,1.2835698278924568,1.236445647718746,1.1852495174848556,1.1294126954925119,1.0682418834725738,1.0008864260094086,0.9263017910642191,0.8432209938910162,0.7501724314150735,0.6456539071348715,0.5287078489122763,0.40052163994587353,0.267757416585618,0.1453434645714382,0.05593030645933417,0.011781371119535256,0.0006012436684373033,1.290665789361906e-5,8.938818587496691e-7,6.592563405019138e-7,6.546778192509843e-7,6.545884747742821e-7,6.545867313799568e-7,6.545866985568508e-7,6.545867207867358e-7,6.545871292636787e-7,6.545938632882817e-7,6.546950952131359e-7,6.560592510494727e-7,6.721576314878929e-7,8.330706191706678e-7,2.1282927654077866e-6,9.87862750540143e-6,4.0218018527819754e-5,9.400061948523081e-5,7.908925739554548e-5
1.0,1.0,2.0,5.0,0.0,0.0,1.9458508983231155,1.945817533147931,1.9457157109272174,1.9455418132640432,1.9452920591708391,1.9449624972512964,1.944548997424988,1.9440472421816821,1.9434527173124252,1.942760702090979,1.941966258859999,1.9410642219805396,1.940049186091116,1.938915493629736,1.9376572215548293,1.936268167202833,1.9347418332145594,1.9330714114490846,1.9312497658021854,1.9292694138374813,1.927122507120039,1.924800810145662,1.9222956777322082,1.919598030733816,1.9166983299210187,1.9135865478502865,1.9102521385251308,1.9066840046332132,1.9028704621078916,1.8987992017399975,1.894457247526958,1.8898309114037204,1.884905743960502,1.8796664806870353,1.8740969832319792,1.8681801750848734,1.8618979710052628,1.8552311994267114,1.848159516938459,1.8406613138205863,1.832713609430762,1.8242919360597796,1.8153702096309416,1.8059205853455822,1.7959132960412774,1.7853164706274889,1.7740959294687464,1.7622149529945368,1.7496340190781545,1.7363105038239972,1.7221983392890365,1.707247620263157,1.691404150490527,1.6746089165051394,1.6567974744467087,1.637899231641292,1.6178366001025353,1.5965239931066435,1.5738666281391644,1.5497590891470665,1.524083587251269,1.4967078406105934,1.4674824691915482,1.4362377663044654,1.4027796624436526,1.366884633532969,1.328293219057045,1.286701698826299,1.2417513250205623,1.1930143235633004,1.1399757061472933,1.0820099182764977,1.018351930829411,0.9480648657664261,0.8700140129332645,0.7828766255826594,0.6852734761649568,0.576204236110323,0.4559979340197917,0.3284338319372333,0.2032486521544557,0.09733553751926641,0.03060697686455853,0.004055287802133932,0.00011288136100600718,2.862845055739717e-6,6.976766994594378e-7,6.554273796712812e-7,6.546031000927792e-7,6.5458705098953e-7,6.54587296823184e-7,6.545961786034508e-7,6.547247817692023e-7,6.563910557058008e-7,6.7527601478839e-7,8.56345797375597e-7,2.252726126307118e-6,1.0254262447746356e-5,4.031535436496258e-5,9.194842036118651e-5,8.009413359110753e-5
1.0,1.0,2.0,6.0,0.0,0.0,1.9386144602302267,1.93858333928398,1.9384883720778845,1.9383262014313942,1.938093320464077,1.9377860654846728,1.9374006084831166,1.9369329491939027,1.936378906699602,1.9357341105421284,1.9349939913107121,1.9341537706611334,1.9332084507281593,1.932152802884893,1.93098135579568,1.9296883827135076,1.9282678879530124,1.9267135924809082,1.9250189185477993,1.923176973277826,1.921180531135434,1.9190220151626676,1.91669347688795,1.914186574779471,1.9114925511133052,1.9086022071104622,1.905505876174594,1.9021933950478598,1.898654072682099,1.8948766565897657,1.8908492964198942,1.8865595044657795,1.8819941127752102,1.8771392264898026,1.8719801729952223,1.8665014463954748,1.860686646769686,1.8545184135808483,1.8479783525217073,1.8410469549680784,1.8337035090911442,1.825926001522042,1.8176910082883495,1.8089735735314392,1.7997470742544301,1.7899830690507308,1.7796511283942031,1.7687186436252382,1.7571506112251534,1.7449093883100808,1.7319544144516463,1.7182418939292035,1.7037244312540842,1.688350611232174,1.6720645128484328,1.6548051437366347,1.636505778781082,1.6170931822611117,1.5964866875835355,1.57459710164094,1.5513253916077119,1.5265610997346855,1.500180415314972,1.4720438108864613,1.4419931197231364,1.4098478906727436,1.3754008002565996,1.3384118251856911,1.2986007746426225,1.255637645311971,1.2091300952266941,1.158607164431789,1.1034983146754413,1.0431072742204144,0.9765820788494572,0.9028888638498955,0.820815633835462,0.7290785416921572,0.6266951555009506,0.5140388409546262,0.39465519899160917,0.27686146421333024,0.17324310144855504,0.09188718182666684,0.036870635989685964,0.008702218041254062,0.0005681125835567588,1.2615656713523378e-5,8.886052696815657e-7,6.591584610016733e-7,6.546767337269152e-7,6.545997768913951e-7,6.547477203432874e-7,6.566374520760065e-7,6.775017410146149e-7,8.72285225750097e-7,2.334290930641091e-6,1.048886240409807e-5,4.036392999912737e-5,9.073225222970549e-5,8.060296507375413e-5
1.0,1.0,2.0,7.0,0.0,0.0,1.9316814460657952,1.9316524543850733,1.9315639906066338,1.9314129441511625,1.9311960668211725,1.930909966357092,1.9305510996366309,1.930115765486363,1.9296000970962979,1.929000053993846,1.9283114135532173,1.927529762007154,1.9266504849222486,1.9256687570997855,1.9245795318587682,1.9233775296529387,1.922057225972857,1.9206128384748098,1.919038313272459,1.9173273103297177,1.9154731878732676,1.913468985748402,1.9113074076214573,1.908980801935158,1.906481141501402,1.9038000016087295,1.9009285365112518,1.8978574541428443,1.8945769888905488,1.8910768722347342,1.8873463010465699,1.8833739033043457,1.8791477009580504,1.874655069648064,1.8698826949287977,1.8648165246172397,1.8594417168292168,1.8537425832018286,1.8477025267358158,1.8413039736086247,1.8345282982082267,1.8273557405326066,1.8197653149589392,1.8117347092345994,1.8032401723511562,1.7942563897440138,1.7847563439882421,1.7747111588440028,1.7640899241156873,1.7528594983182266,1.7409842855708746,1.7284259824381856,1.7151432895645797,1.7010915818862138,1.686222529858302,1.6704836624617485,1.6538178606411833,1.6361627671319212,1.6174500952008728,1.5976048143948063,1.5765441856343472,1.554176610470769,1.530400249388272,1.505101350836334,1.4781522149680413,1.4494086921409064,1.4187070836639748,1.3858602676700045,1.3506528116688443,1.3128347490605208,1.2721135820183278,1.228143920192796,1.1805139722727773,1.1287278988166278,1.0721829112235817,1.0101402933929293,0.9416912114825067,0.8657239540964348,0.7809164938569353,0.6858281573082792,0.5792712484509455,0.46138895283968573,0.3362320700258934,0.21457347655227377,0.11462546993814793,0.051286091305421166,0.01999601432097772,0.006380774980357351,0.0009604707166110686,3.0535667766778794e-5,1.2466973575057404e-6,6.661891141494028e-7,6.549989722557105e-7,6.569015875874059e-7,6.798112317839557e-7,8.885588457200821e-7,2.416171860637177e-6,1.0720074377361833e-5,4.0407390606075596e-5,8.955609669766308e-5,8.106123249481214e-5
1.0,1.0,2.0,8.0,0.0,0.0,1.9230003211060591,1.922973942018686,1.922893456812048,1.922756054316764,1.9225588002139204,1.922298631363489,1.9219723498281382,1.9215766165705332,1.921107944803893,1.920562692971501,1.9199370573301309,1.9192270641097622,1.9184285612195993,1.9175372094682928,1.916548473262715,1.9154576107472252,1.9142596633413618,1.9129494446303568,1.9115215285583815,1.9099702368703007,1.908289625741304,1.9064734715293241,1.904515255577607,1.9024081479876571,1.900144990275237,1.8977182768118226,1.8951201349448894,1.892342303677225,1.889376110774009,1.8862124481502462,1.8828417453745914,1.879253941107379,1.8754384522672822,1.8713841406976996,1.8670792770746516,1.8625115017655745,1.8576677823111538,1.8525343671587962,1.847096735226586,1.8413395408187938,1.8352465533463374,1.8288005912274699,1.8219834492520945,1.8147758185847849,1.8071571984554993,1.7991057984360879,1.790598430022925,1.781610386033833,1.7721153060737507,1.762085026018788,1.7514894091006568,1.7402961557284868,1.728470588641592,1.7159754093240949,1.702770420794657,1.6888122108745378,1.6740537887802986,1.6584441663137213,1.6419278729398314,1.6244443915304032,1.605927498342659,1.5863044866759708,1.5654952483045719,1.5434111798041528,1.519953871702569,1.49501352619383,1.468467032838774,1.4401756096672358,1.409981887168911,1.3777062716862147,1.3431423683220842,1.306051165663206,1.2661535776125703,1.2231207924730612,1.1765616893438278,1.1260063536169511,1.0708845112807381,1.0104977055950428,0.9439848825293709,0.8702845528604684,0.7881077846306894,0.6959692198346232,0.5924116721710035,0.4767267301912508,0.35092341140082617,0.22338888763385256,0.11121932777704746,0.036932391600622116,0.005569979784561557,0.00017406248810983294,4.090770134208274e-6,7.218579453686474e-7,6.561261535274015e-7,6.573140504996533e-7,6.83192912833938e-7,9.116813509225057e-7,2.5288207200573315e-6,1.1026841981702702e-5,4.045346325911941e-5,8.805350610660047e-5,8.155550650506974e-5
1.0,1.0,2.0,9.0,0.0,0.0,1.9156732431217591,1.9156490145395964,1.915575095652713,1.9154489186083197,1.9152678039558282,1.9150289555758206,1.914729455348791,1.914366257530972,1.9139361828328276,1.9134359121743358,1.9128619800940072,1.912210767787471,1.9114784957607753,1.9106612160554448,1.909754804027358,1.9087549496427698,1.907657148257016,1.9064566908354976,1.9051486535818967,1.903727886920116,1.902189003784578,1.9005263671648294,1.898734076842537,1.896805955258266,1.8947355324316462,1.892516029862037,1.8901403433138597,1.887601024399423,1.8848902608424893,1.8819998553122232,1.8789212026904352,1.8756452656269076,1.87216254822129,1.8684630676437664,1.8645363234948604,1.8603712646746473,1.8559562534974816,1.8512790267685872,1.8463266534896619,1.8410854888228059,1.8355411238903656,1.8296783309298803,1.8234810032549902,1.8169320893957632,1.8100135206981491,1.8027061315500212,1.794989571279963,1.7868422066153578,1.7782410134103728,1.769161456137553,1.7595773533787629,1.7494607272397609,1.738781634241228,1.7275079747810196,1.7156052777071409,1.7030364558664317,1.6897615276457856,1.6757372984940488,1.6609169951095097,1.64524984335484,1.6286805789084013,1.6111488770514342,1.5925886846473105,1.5729274330584104,1.5520851051457143,1.5299731221504445,1.5064930065623443,1.4815347641612533,1.4549749110691295,1.4266740481706393,1.3964738532412397,1.364193317230118,1.3296239907935856,1.2925239244172673,1.2526098734253779,1.2095471925483174,1.1629366683818887,1.1122973730350623,1.0570446212902311,0.9964627540547966,0.9296750965254859,0.8556219809147869,0.7730818118183755,0.6808209194306301,0.5780984686432866,0.4657820302107307,0.34775917732422235,0.23245004561469473,0.13049479111577747,0.05438082116829082,0.013455333177249352,0.0009792696542232438,2.1741983318627523e-5,1.0713884243730223e-6,6.948106606466129e-7,9.349307153473596e-7,2.636512678019036e-6,1.1306244880294309e-5,4.048193449252067e-5,8.674743368356636e-5,8.187333467753796e-5
1.0,1.0,2.0,10.0,0.0,0.0,1.9103415973632565,1.9103189119097408,1.9102497043613909,1.9101315802281817,1.9099620415692584,1.9097384823506047,1.9094581835466755,1.9091183079999041,1.9087158949995455,1.9082478545703196,1.907710961452949,1.9071018487572928,1.90641700125758,1.905652748316669,1.9048052564058509,1.9038705211934683,1.9028443591758872,1.901722398812261,1.900500071128704,1.8991725997527737,1.8977349903379945,1.8961820193246979,1.89450822199327,1.89270787974759,1.89077500657001,1.8887033345798372,1.8864862986192747,1.8841170197847603,1.8815882878130452,1.8788925422231344,1.8760218520981908,1.872967894387287,1.8697219305902664,1.866274781667876,1.8626168010119457,1.8587378452792507,1.8546272428769441,1.8502737598608263,1.845665562972023,1.8407901795067971,1.8356344536759863,1.8301844990602518,1.824425646715433,1.8183423884211152,1.8119183144905975,1.8051360454788679,1.7979771570221033,1.7904220969278022,1.7824500934949796,1.7740390538811504,1.7651654511360348,1.755804198289347,1.7459285076024962,1.735509732750458,1.7245171913021409,1.7129179643566772,1.7006766696010231,1.6877552032938254,1.6741124457667524,1.6597039238815867,1.6444814224506956,1.62839253481566,1.6113801405008132,1.5933817949262519,1.5743290124264533,1.5541464189525982,1.5327507445053001,1.5100496170030127,1.4859401082302952,1.460306967714459,1.4330204604212824,1.4039336970243639,1.3728793083536885,1.3396652644872518,1.3040695683993135,1.2658334571126417,1.224652612005272,1.1801657088677189,1.1319394359831563,1.079448931701645,1.0220526458173076,0.9589615464841934,0.8892062002448426,0.8116165211327733,0.7248627714644975,0.6276868431255309,0.5196169918680518,0.4028055959599133,0.2844393785752457,0.17793984576631683,0.09728893683890927,0.04442543912340123,0.014711485290094237,0.0022825549599560795,7.404480639047428e-5,2.4107501688488324e-6,2.749492490043542e-6,1.1519590014934299e-5,4.0497612299078426e-5,8.577841117421003e-5,8.205689496998793e-5
1.0,1.0,2.0,11.0,0.0,0.0,1.9051558831369562,1.9051346851504718,1.9050700187311946,1.9049596557230188,1.9048012722915075,1.9045924446705556,1.904330644692564,1.904013235087504,1.9036374645375531,1.903200462471304,1.9026992335810036,1.9021306520450878,1.9014914554362008,1.9007782382943361,1.899987445341992,1.899115364317467,1.898158118398925,1.8971116581915766,1.8959717532455898,1.8947339830716174,1.8933937276167683,1.891946157160163,1.890386221584933,1.8887086389777892,1.8869078835040938,1.8849781725002828,1.8829134527204303,1.8807073856675416,1.8783533319323311,1.875844334455536,1.8731731006198373,1.8703319830683185,1.867312959134651,1.8641076087578625,1.8607070907403056,1.8571021171905926,1.8532829259759538,1.8492392509860167,1.8449602899878386,1.8404346698229404,1.8356504086668295,1.8305948750348477,1.825254743177247,1.8196159444569844,1.8136636142495064,1.8073820338382163,1.8007545667033042,1.793763588514473,1.7863904100328476,1.7786151920061712,1.770416850996476,1.7617729549076842,1.7526596067774634,1.7430513151514688,1.732920849067682,1.7222390753215109,1.7109747752566875,1.6990944378028985,1.686562024843255,1.6733387042088523,1.6593825446254513,1.6446481657277303,1.6290863347433842,1.6126434995419956,1.5952612453257657,1.576875659152769,1.557416582512289,1.5368067270273542,1.514960621640455,1.4917833507906195,1.4671690313439214,1.4409989603113118,1.413139344149947,1.3834384915338873,1.351723311831222,1.3177949068230461,1.281422967482122,1.2423385829856386,1.200224926091316,1.15470508918321,1.1053261111696528,1.0515380004801358,0.9926664961669118,0.927878971004457,0.8561459199444492,0.7762104568164823,0.6866079732565353,0.5858617883745829,0.4731460586807614,0.35012136659146265,0.2246070610221933,0.11310305258084563,0.03807168635764713,0.005911945879814612,0.00019073096242163898,4.748149224412235e-6,2.8807816849975326e-6,1.1733299230615591e-5,4.050974519058826e-5,8.48243863757368e-5,8.22059331050261e-5
1.0,1.0,2.0,12.0,0.0,0.0,1.897640495411082,1.897621407993384,1.8975631841227454,1.8974638291566635,1.897321263522599,1.8971333189972484,1.8968977348022094,1.8966121535075757,1.8962741167185868,1.8958810605522416,1.8954303108689459,1.8949190782608696,1.8943444527751438,1.8937033983492029,1.8929927469525865,1.8922091924041666,1.8913492838477453,1.890409418860898,1.889385836178775,1.8882746079932815,1.8870716318095901,1.885772621820962,1.8843730997694266,1.8828683852552004,1.881253585449059,1.8795235841659306,1.8776730302505058,1.8756963252167367,1.873587610082879,1.871340751339666,1.8689493259730696,1.866406605470253,1.863705538709155,1.8608387336488548,1.8577984376998273,1.854576516663073,1.851164432103225,1.8475532170036857,1.8437334495456668,1.8396952248217957,1.8354281242788204,1.8309211826578888,1.826162852170441,1.8211409636159317,1.8158426841080342,1.810254471032792,1.804362021808771,1.7981502189624479,1.7916030699597627,1.7847036411572574,1.7774339851355485,1.7697750605738811,1.7617066436842919,1.7532072300742598,1.744253925716393,1.7348223254864692,1.724886377459022,1.7144182308371398,1.703388064999345,1.6917638966804063,1.6795113617285082,1.666593467174522,1.652970308480441,1.6385987457576903,1.6234320313939605,1.6074193798407919,1.5905054681711874,1.5726298532946927,1.55372628822726,1.5337219153037296,1.512536308350171,1.4900803281343258,1.4662547452215406,1.440948570764725,1.4140370174645724,1.385378988097223,1.3548139550460263,1.322158047493339,1.28719909819565,1.2496903120929588,1.2093420955256988,1.16581141814072,1.118687865448102,1.067475298242087,1.0115678658621228,0.950219364509163,0.8825066346854307,0.8072938737568016,0.7232230475969121,0.6288095810639103,0.5228468007178071,0.405527581057084,0.2812133359522113,0.1618591785395103,0.06774533098804471,0.016551471648256797,0.0011740926405329685,3.709562301374184e-5,4.101246706419027e-5,8.340998033395247e-5,8.230603036665936e-5
1.0,1.0,2.0,13.0,0.0,0.0,1.8934799093092494,1.893461968277748,1.8934072433482498,1.893313865499195,1.8931798864817608,1.8930032753765857,1.8927819149915877,1.892513598066472,1.8921960232969042,1.8918267911536475,1.8914033994903008,1.8909232389236195,1.89038358796887,1.889781607928981,1.889114337501553,1.8883786870998307,1.8875714328642914,1.8866892103466313,1.8857285078368733,1.8846856593186345,1.8835568370201514,1.8823380435357535,1.8810251034846885,1.879613654674884,1.8780991387378947,1.8764767911906972,1.8747416308800666,1.8728884487701762,1.8709117960134733,1.8688059712486194,1.8665650070670523,1.8641826555747727,1.8616523729781917,1.8589673031041372,1.8561202597675077,1.853103707879896,1.8499097431890306,1.8465300705203234,1.842955980380225,1.8391783237669301,1.8351874850118222,1.830973352454592,1.8265252867369028,1.8218320864602688,1.8168819509389493,1.811662439722177,1.8061604285394992,1.8003620612589017,1.794252697400296,1.7878168546745385,1.7810381459533318,1.7738992099736919,1.7663816349841142,1.7584658744148953,1.7501311535096917,1.7413553656758296,1.7321149571161385,1.7223847980463702,1.7121380385092095,1.7013459464391048,1.6899777251871626,1.6780003071923417,1.6653781198248438,1.652072818624923,1.638042982162311,1.6232437614942015,1.6076264756379786,1.5911381424993891,1.573720932186717,1.555311526419672,1.5358403635955398,1.5152307436655192,1.4933977598969008,1.470247015224544,1.4456730684054762,1.4195575383878491,1.3917667725164122,1.362148953048198,1.3305304735988273,1.2967113579433658,1.2604594118440033,1.2215026866719256,1.1795196843230116,1.134126546306554,1.0848602747696745,1.031156951102826,0.9723243482482253,0.9075104716686511,0.8356767263546558,0.7556064965297153,0.666036267788332,0.566110378539106,0.4566265446422353,0.34190163244734695,0.2312011226828341,0.136505173898534,0.06497533410682954,0.021290157139472833,0.0033950343351062525,0.00026940168930065025,9.978997894794493e-5
1.0,1.0,2.0,14.0,0.0,0.0,1.8894671885179264,1.8894503466096495,1.8893989762484296,1.8893113284998009,1.8891855806359388,1.8890198329562935,1.8888121054542495,1.888560334325021,1.888262368298001,1.887915964783673,1.88751878583534,1.887068393894225,1.8865622473283281,1.885997695727383,1.8853719749638458,1.884682201983935,1.883925369324885,1.8830983393325624,1.8821978380631776,1.8812204488516642,1.8801626055137604,1.8790205851655486,1.8777905006346316,1.8764682924222456,1.8750497201983052,1.8735303537854762,1.8719055636021906,1.870170510512743,1.8683201350506238,1.8663491459588712,1.8642520079988216,1.8620229289608545,1.8596558458204413,1.8571444099627143,1.8544819713976395,1.8516615618805048,1.8486758768407938,1.845517256010588,1.8421776626396351,1.838648661158956,1.8349213931522996,1.8309865514686408,1.82683435229427,1.8224545049810459,1.8178361793954707,1.81296797053853,1.8078378601370346,1.8024331748766684,1.7967405409101715,1.790745834204067,1.7844341262494652,1.7777896245749503,1.7707956074352609,1.7634343519393596,1.755687054779223,1.7475337445929213,1.738953184824524,1.7299227657735372,1.720418384298533,1.7104143093706483,1.6998830313593203,1.688795092541092,1.6771188958501355,1.664820488318611,1.6518633149416573,1.6382079378325258,1.623811714447271,1.6086284273011842,1.5926078558938244,1.575695279403348,1.5578308959540834,1.5389491407308853,1.518977880639497,1.4978374572560753,1.4754395419642918,1.4516857567991721,1.4264660006162018,1.3996564014782962,1.3711167906636845,1.3406875587720748,1.3081857061965252,1.2733998334144516,1.236083723921908,1.195948045240499,1.1526495223308473,1.1057767212861194,1.0548313480542149,0.9992038453342644,0.9381424883634146,0.8707174430272069,0.7957890523922586,0.7120132801614503,0.6179857426309496,0.5127675326923864,0.3973749714179835,0.277861566187795,0.1675971820965949,0.085436186216304,0.038655050738836905,0.01859083131747213,0.01437800053440629
1.0,1.0,2.0,15.0,0.0,0.0,1.884585766870316,1.8845702458170166,1.8845229064505276,1.8844421432779939,1.8843262834441816,1.8841735838610418,1.8839822282005088,1.8837503237425182,1.8834758980705573,1.8831568956051683,1.8827911739666803,1.8823765001566102,1.8819105465470471,1.8813908866667646,1.8808149907708156,1.8801802211812912,1.8794838273837513,1.878722940865103,1.8778945696746376,1.8769955926920687,1.8760227535817648,1.8749726544126872,1.8738417489215777,1.8726263353944148,1.8713225491394496,1.8699263545236704,1.86843353653979,1.8668396918710926,1.8651402194158493,1.8633303102307934,1.8614049368494534,1.8593588419265785,1.8571865261552176,1.8548822353982786,1.8524399469702786,1.849853354998416,1.8471158547854003,1.8442205260879234,1.8411601152157573,1.8379270158459775,1.8345132484362097,1.8309104381058745,1.8271097908419733,1.823102067867552,1.8188775579920815,1.8144260477424865,1.809736789046994,1.8047984642169013,1.7995991479384799,1.7941262659485915,1.7883665500260264,1.78230598887869,1.7759297744494802,1.7692222430951716,1.7621668110140263,1.7547459032037835,1.746940875123812,1.7387319261045917,1.7300980033962503,1.7210166955654955,1.7114641137336122,1.701414758888177,1.6908413731888317,1.6797147728082749,1.6680036593908696,1.655674406649851,1.6426908179354953,1.629013849757314,1.6146012951888409,1.5994074197686245,1.583382540857741,1.5664725393260923,1.5486182897810536,1.5297549921447526,1.509811382985724,1.488708799285007,1.4663600598042663,1.4426681192880153,1.4175244374769917,1.3908069870786406,1.3623778006490852,1.3320799232627678,1.2997335923056283,1.2651314027244567,1.2280321288066673,1.188152753402008,1.145158093187355,1.0986471997019152,1.0481354787548298,0.993031300245832,0.9326060937400484,0.8659585530660436,0.7919795796961253,0.7093431692313921,0.6166038869938752,0.5126230868862258,0.3978205521133624,0.27736538646809095,0.1656340234406466,0.08858518241981095,0.06925457586426909
1.0,1.0,2.0,16.0,0.0,0.0,1.8799686653920418,1.8799543770217326,1.879910799182639,1.8798364591501553,1.879729822758236,1.8795892918122945,1.879413201376579,1.879199816932612,1.8789473314061809,1.878653862051209,1.8783174471777073,1.8779360427260485,1.8775075186726866,1.8770296552545318,1.8765001390043352,1.8759165585875053,1.8752764004257614,1.874577044095318,1.873815757483655,1.8729896916934337,1.872095875675214,1.8711312105704963,1.870092463745948,1.8689762625035513,1.867779087438592,1.8664972654207475,1.865126962180213,1.863664174461178,1.8621047217215434,1.8604442373351802,1.858678159272209,1.856801720206633,1.8548099370174995,1.8526975996290176,1.850459259147577,1.8480892152283346,1.845581502615353,1.8429298767914446,1.8401277986528513,1.8371684181348797,1.8340445566931507,1.8307486885411635,1.827272920531783,1.8236089705584462,1.819748144340501,1.8156813104362897,1.8113988733129034,1.8068907442853686,1.802146310101513,1.7971543989411316,1.7919032435508413,1.7863804412121382,1.7805729101923262,1.7744668422895487,1.7680476510240695,1.7612999149635655,1.7542073156073812,1.746752569159888,1.7389173514270126,1.7306822149555856,1.7220264973968114,1.7129282199063596,1.7033639742070363,1.6933087967042724,1.6827360277661256,1.6716171539479632,1.659921630534967,1.6476166812879072,1.6346670716741087,1.621034851136919,1.6066790590437776,1.5915553878381488,1.575615795513393,1.5588080577772203,1.541075248061631,1.5223551307182817,1.5025794491647915,1.4816730861244949,1.4595530671566337,1.4361273709168572,1.411293499467135,1.3849367486583972,1.3569281011363756,1.3271216415741165,1.2953513638633396,1.261427201871605,1.2251300689208904,1.186205640442374,1.144356575483755,1.0992328949036576,1.0504204541793314,0.9974282404732371,0.939677601868631,0.8765031880824239,0.8071940075363386,0.7311514533968015,0.648354096768017,0.560620756765875,0.47444310550524893,0.40783334063515975,0.3905849127730101
1.0,1.0,2.0,17.0,0.0,0.0,1.8768115527010139,1.876798107866449,1.8767571039369813,1.8766871586436622,1.8765868323657742,1.8764546257310712,1.876288977112182,1.8760882600070943,1.8758507802943285,1.8755747733613646,1.8752584010977955,1.874899748745463,1.8744968215939792,1.8740475415165747,1.8735497433425365,1.8730011710444359,1.8723994737344896,1.8717422014672422,1.8710268008230742,1.8702506102674477,1.8694108552717807,1.868504643178781,1.8675289577963383,1.8664806537053664,1.8653564502548363,1.8641529252435731,1.862866508237346,1.8614934735271902,1.8600299326822096,1.8584718266845144,1.856814917603522,1.8550547797902794,1.8531867905442212,1.851206120225278,1.8491077217613423,1.8468863195107232,1.8445363974279871,1.8420521864814319,1.8394276512568126,1.8366564756918748,1.8337320478619148,1.8306474437411993,1.8273954098551073,1.8239683447251807,1.820358279002825,1.8165568541762411,1.812555299717559,1.8083444085323208,1.8039145105460577,1.7992554442548467,1.7943565260355072,1.7892065169990445,1.7837935871339212,1.778105276460785,1.7721284528818302,1.7658492663710632,1.7592530990987214,1.752324511038978,1.7450471805361403,1.7374038392427167,1.729376200748753,1.7209448821345035,1.7120893175499035,1.7027876628029972,1.6930166897654075,1.6827516692306403,1.6719662406186302,1.6606322666708806,1.6487196709502783,1.6361962555826537,1.6230274962192865,1.6091763106400023,1.5946027967536125,1.57926393492761,1.563113248588138,1.5461004158225293,1.5281708232146656,1.5092650513389145,1.4893182790945403,1.4682595913563716,1.4460111711213557,1.4224873534199673,1.3975935137164583,1.3712247585430433,1.34326438123734,1.3135820423057822,1.282031635303035,1.2484488123307997,1.2126481839494403,1.1744203111602687,1.1335288504206744,1.0897087778002543,1.0426679398819871,0.9920973388153627,0.93770338062264,0.8792954813955518,0.8170174159141403,0.7519759676637285,0.6880625881133398,0.6377871711679077,0.6247822277426707
1.0,1.0,2.0,18.0,0.0,0.0,1.8737697508177575,1.873757119005532,1.8737185958103169,1.8736528859711825,1.8735586408224947,1.8734344560895266,1.8732788695851497,1.8730903588025,1.872867338398379,1.8726081575614444,1.8723110972592707,1.871974367357737,1.8715961036058104,1.8711743644786907,1.8707071278710004,1.870192287632392,1.869627649936234,1.8690109294720827,1.8683397454522037,1.8676116174208204,1.8668239608552284,1.8659740825461881,1.8650591757444204,1.8640763150593358,1.863022451094949,1.8618944048066624,1.8606888615615986,1.8594023648839766,1.8580313098655097,1.8565719362189839,1.8550203209520504,1.8533723706364071,1.8516238132444727,1.8497701895257137,1.8478068438897566,1.845728914763157,1.8435313243821412,1.8412087679820104,1.8387557023387302,1.836166333616731,1.8334346044702556,1.8305541803433414,1.8275184349071623,1.8243204345682784,1.820952921975234,1.8174082984445192,1.8136786052187972,1.8097555034625117,1.8056302528909214,1.801293688917852,1.796736198196541,1.7919476924157323,1.7869175801982493,1.7816347369348762,1.7760874723676494,1.7702634957192345,1.764149878141538,1.7577330122343398,1.7509985683573746,1.743931447429631,1.7365157298770413,1.7287346203533218,1.7205703878175598,1.7120043005093777,1.7030165553122316,1.693586200943912,1.6836910543563164,1.673307609666665,1.6624109388803419,1.6509745836045653,1.6389704368935298,1.6263686143171583,1.613137313315761,1.5992426599033251,1.5846485418359038,1.5693164274978813,1.5532051700270273,1.5362707966701237,1.5184662841487082,1.4997413220895979,1.4800420686060107,1.4593109053278326,1.4374862042405567,1.4145021266927529,1.3902884876411505,1.3647707385833954,1.3378701557103412,1.3095043743340966,1.2795885022107214,1.2480372016106003,1.2147684072908262,1.1797098524054377,1.142810529642233,1.1040611097329247,1.0635313302464908,1.0214414666081026,0.9783081947564156,0.9352750140225723,0.8950058830298815,0.8646779661318291,0.8570522952052357
1.0,1.0,2.0,19.0,0.0,0.0,1.869087506762554,1.869076170009393,1.8690415981167519,1.86898263374394,1.8688980727146998,1.8687866621517202,1.8686470985235388,1.8684780256159144,1.8682780324170523,1.868045650910119,1.8677793537758731,1.8674775519959752,1.8671385923511252,1.866760754819623,1.8663422498526359,1.8658812155404263,1.8653757146530126,1.8648237315484266,1.8642231689497635,1.86357184457826,1.8628674876360378,1.8621077351349413,1.8612901280637004,1.8604121073752822,1.8594710098057163,1.8584640634901177,1.8573883833935128,1.8562409665224209,1.8550186869266554,1.8537182904621687,1.8523363893199445,1.8508694562984687,1.8493138188101454,1.8476656526088675,1.8459209752201815,1.84407563907034,1.8421253242855258,1.8400655311509908,1.8378915722173517,1.8355985640274994,1.8331814184518294,1.8306348336118674,1.827953284369137,1.8251310123635704,1.822162015574662,1.819040037386074,1.8157585551366466,1.8123107681231403,1.808689585044327,1.804887610857179,1.8008971330269645,1.7967101071455218,1.792318141905504,1.7877124834073541,1.78288399878992,1.777823159170211,1.7725200218967032,1.7669642121100395,1.7611449036331308,1.7550507992140538,1.7486701101628839,1.7419905354490055,1.7349992403452106,1.7276828347459343,1.7200273513218391,1.7120182237315333,1.7036402651822513,1.69487764770939,1.6857138826674642,1.6761318030589862,1.6661135485120653,1.6556405539526367,1.644693543313565,1.6332525300177423,1.6212968264749748,1.6088050654940318,1.5957552373863209,1.5821247476837854,1.5678905019385496,1.5530290261283994,1.5375166340084334,1.521329656573947,1.5044447541343189,1.4868393389486343,1.4684921469984715,1.449384012808764,1.4294989238146272,1.4088254647006266,1.3873588143827646,1.3651035410423304,1.3420775761586867,1.3183179797116864,1.2938895232184393,1.268897907581085,1.2435110620878618,1.2179956882206397,1.1927859125614546,1.1686312732250812,1.1469915493605782,1.1313469277150503,1.127475190958691
1.0,1.0,2.0,20.0,0.0,0.0,1.8668487626314345,1.8668380910012843,1.866805548325516,1.8667500477886279,1.8666704592641281,1.8665656076295534,1.8664342710193864,1.8662751790014767,1.8660870106845664,1.8658683927537822,1.8656178974219557,1.8653340403039067,1.8650152782046092,1.8646600068198893,1.8642665583396223,1.8638331989658354,1.8633581263186727,1.8628394667461947,1.8622752725245704,1.861663518943672,1.8610021012762843,1.8602888316258799,1.8595214356425345,1.8586975491136997,1.8578147144128394,1.8568703768019077,1.8558618805904246,1.8547864651356036,1.853641260681357,1.852423284031218,1.8511294340472233,1.849756486962022,1.8483010915141307,1.8467597638808115,1.845128882409611,1.8434046821462147,1.8415832491406192,1.8396605145350264,1.8376322484204124,1.8354940534545392,1.833241358241537,1.8308694104561738,1.8283732697167068,1.8257478001949679,1.8229876629640387,1.8200873080758555,1.8170409663691913,1.8138426410068789,1.8104860987470062,1.8069648609453495,1.8032721943035241,1.7994011013715792,1.7953443108188551,1.7910942674952324,1.7866431223124408,1.781982721981457,1.7771045986481369,1.771999959491552,1.7666596763526172,1.7610742754866422,1.755233927553597,1.7491284379781575,1.7427472378617779,1.7360793756436408,1.7291135097832395,1.721837902769117,1.714240416852057,1.7063085119838561,1.6980292465475983,1.6893892816141474,1.6803748896306132,1.6709719686557634,1.6611660635454797,1.650942395825929,1.640285904442365,1.6291813001403455,1.6176131369645148,1.6055659053238927,1.5930241523190247,1.5799726366940945,1.566396527985205,1.552281662449552,1.5376148724504617,1.5223844116676588,1.5065805065068787,1.490196075546784,1.4732276755915947,1.4556767578743646,1.4375513562033007,1.4188683892036664,1.3996568575266153,1.3799623853454435,1.3598538581958763,1.339433489100493,1.3188528484099962,1.2983401607326925,1.2782514560828986,1.2591811057082154,1.2422582186548539,1.2301282721810551,1.2271355120432048
1.0,1.0,2.0,21.0,0.0,0.0,1.8646815024326315,1.8646714769191846,1.8646409054669135,1.8645887697566081,1.8645140115872891,1.8644155313734103,1.8642921865869369,1.8641427901424663,1.8639661087227637,1.8637608610435734,1.8635257160548377,1.863259291076659,1.8629601498671349,1.8626268006206885,1.8622576938938948,1.8618512204564155,1.8614057090654654,1.8609194241601585,1.8603905634742546,1.8598172555644936,1.8591975572518464,1.8585294509733359,1.8578108420422552,1.8570395558136141,1.8562133347531073,1.855329835406792,1.8543866252694983,1.8533811795493875,1.8523108778273638,1.8511730006084406,1.8499647257647212,1.8486831248670796,1.8473251594061537,1.845887676900361,1.8443674068922036,1.8427609568314836,1.841064807848241,1.8392753104154167,1.8373886799046204,1.8354009920384868,1.833308178243911,1.8311060209127135,1.828790148577113,1.8263560310096096,1.8237989742590912,1.8211141156371013,1.8182964186720767,1.8153406680510216,1.8122414645743845,1.8089932201522032,1.8055901528768317,1.8020262822123385,1.7982954243488933,1.7943911877788565,1.79030696916044,1.7860359495475677,1.7815710910772253,1.7769051342220479,1.772030595734435,1.7669397674307703,1.7616247159901661,1.7560772839730419,1.7502890923015713,1.7442515444869713,1.7379558329410543,1.7313929477706722,1.7245536885280615,1.717428679479326,1.7100083890614144,1.702283154327489,1.6942432113414725,1.6858787326751496,1.6771798734027357,1.6681368272821686,1.6587398951817676,1.648979568271514,1.6388466290808879,1.628332274263201,1.6174282638570645,1.6061271030617235,1.594422264152442,1.5823084582908393,1.5697819698441862,1.5568410697249107,1.5434865296626583,1.5297222669569948,1.5155561602893073,1.501001093517715,1.4860763093145408,1.470809193846648,1.4552376782701515,1.4394135538114625,1.4234071988711392,1.4073146082084094,1.391268439639866,1.3754567214687654,1.3601580040279728,1.3458180593121725,1.333257792901044,1.3243599542124116,1.322173603221593
1.0,1.0,2.0,22.0,0.0,0.0,1.8609320699972471,1.860923285527278,1.8608965000403686,1.8608508259231797,1.8607853423355323,1.8606990940667174,1.8605910903404208,1.860460303609642,1.860305668291815,1.8601260794795564,1.8599203916145797,1.8596874171197726,1.8594259249947669,1.8591346393761512,1.8588122380576664,1.8584573509668303,1.8580685586135104,1.8576443904879056,1.8571833234297372,1.8566837799488667,1.8561441265204053,1.8555626718300715,1.854937664992221,1.8542672937282276,1.8535496825088984,1.8527828906710795,1.8519649104953118,1.8510936652634769,1.8501670072822662,1.8491827158922405,1.8481384954522468,1.8470319733149694,1.8458606977845733,1.844622136078172,1.8433136722880334,1.841932605347992,1.8404761470266777,1.8389414199379885,1.8373254555989575,1.8356251925289655,1.8338374744197594,1.8319590483768238,1.8299865632638586,1.8279165681557643,1.8257455109343113,1.8234697370407957,1.8210854884208842,1.8185889026920137,1.8159760125575133,1.8132427455282993,1.8103849239745315,1.8073982655719973,1.804278384192024,1.801020791306236,1.7976208979692032,1.7940740174683967,1.7903753687303805,1.7865200805868682,1.782503197025079,1.7783196835504782,1.773964434820769,1.769432283724683,1.7647180121084745,1.7598163633772188,1.754722057235739,1.7494298068762077,1.7439343389597255,1.7382304167972649,1.7323128672082078,1.7261766116011117,1.7198167019203012,1.7132283622244913,1.7064070367807318,1.6993484457441355,1.6920486496940867,1.6845041245427836,1.676711848674671,1.668669404558166,1.6603750976050762,1.6518280957116929,1.6430285937974247,1.6339780088150846,1.6246792122726816,1.6151368094546967,1.6053574775318182,1.5953503790228112,1.5851276733331403,1.5747051584705574,1.5641030895473733,1.5533472438782283,1.5424703410926952,1.5315139939478186,1.5205314892467854,1.5095919411787406,1.4987868760398584,1.4882415224197274,1.4781363352412882,1.4687546263965103,1.4606129098844676,1.4548901177699065,1.4534876306201312
1.0,1.0,2.0,23.0,0.0,0.0,1.8593058642575357,1.8592976828463037,1.859272736882005,1.8592302017110143,1.8591692225865302,1.8590889136785904,1.858988357059431,1.858866601653986,1.8587226621791615,1.8585555180431328,1.8583641122219063,1.8581473501128585,1.857904098359242,1.8576331836415108,1.8573333914572032,1.8570034648596305,1.8566421031816986,1.8562479607330573,1.855819645466994,1.8553557176380338,1.8548546884207724,1.8543150185245736,1.8537351167799017,1.853113338711168,1.852447985093832,1.851737300500858,1.850979471838457,1.850172626876187,1.849314832774354,1.848404094612988,1.8474383539247299,1.846415487241572,1.8453333046574727,1.8441895484117339,1.8429818915053744,1.8417079363548083,1.840365213489676,1.8389511803156466,1.8374632199321042,1.8358986400469774,1.8342546719675354,1.8325284697153492,1.8307171092591616,1.8288175878963528,1.8268268237971483,1.824741655745079,1.8225588430834136,1.8202750659153963,1.8178869255779375,1.8153909454264436,1.812783571977505,1.8100611764460552,1.8072200567368029,1.8042564399330274,1.8011664853644547,1.7979462883041393,1.7945918843926236,1.7910992548681506,1.7874643327045163,1.7836830097773486,1.7797511451801853,1.7756645748439936,1.7714191226182479,1.7670106130124097,1.7624348858081547,1.7576878127913673,1.7527653168924786,1.7476633940609787,1.7423781382561927,1.7369057699957153,1.7312426689832776,1.7253854114149973,1.7193308126830615,1.713075976327815,1.7066183502389265,1.6999557913330747,1.6930866401692057,1.6860098072994845,1.6787248735612081,1.6712322070586936,1.663533100282642,1.6556299317599255,1.647526357893625,1.639227542407319,1.6307404332511908,1.6220741003491952,1.6132401527058278,1.604253261142894,1.5951318249418094,1.5858988399315308,1.5765830576869817,1.5672205815784537,1.5578571487342785,1.5485515501087974,1.5393810733565445,1.5304508712643212,1.5219118862525889,1.514000631885935,1.5071482404581786,1.502339229386763,1.501161296960781
1.0,1.0,3.0,0.0,0.0,0.0,1.8576683788109705,1.857660805271692,1.8576377135066764,1.857598342323243,1.8575419035899472,1.8574675814072066,1.8573745312603762,1.8572618791551179,1.8571287207353322,1.8569741203839385,1.8567971103074399,1.856596689604288,1.856371823317673,1.8561214414743858,1.8558444381092158,1.8555396702772669,1.855205957054281,1.8548420785273265,1.8544467747760507,1.8540187448477923,1.8535566457267407,1.8530590913007643,1.852524651327343,1.8519518504013917,1.851339166928554,1.850685032106,1.8499878289158573,1.8492458911338474,1.848457502358599,1.847620895065802,1.8467342496931138,1.8457956937613886,1.8448033010387235,1.843755090754854,1.8426490268733176,1.8414830174303916,1.8402549139502327,1.838962510946459,1.8376035455218869,1.8361756970790992,1.8346765871553572,1.8331037793972627,1.8314547796920237,1.829727036473244,1.8279179412218554,1.8260248291840213,1.8240449803306262,1.8219756205852207,1.8198139233497557,1.817557011361032,1.8152019589137751,1.8127457944899845,1.8101855038388948,1.8075180335557377,1.8047402952137759,1.801849170109449,1.7988415146872399,1.7957141667185823,1.7924639523179735,1.7890876938888312,1.7855822191032047,1.7819443710325515,1.778171019560773,1.7742590742288513,1.770205498679843,1.7660073268959735,1.7616616814470234,1.7571657940015513,1.7525170283895761,1.747712906551314,1.742751137760422,1.7376296515759293,1.7323466350562882,1.726900574867443,1.7212903050366606,1.7155150612558003,1.709574542826516,1.703468983583008,1.6971992334380275,1.6907668526052646,1.6841742210858257,1.6774246667256278,1.6705226161265045,1.663473774046139,1.6562853388275869,1.6489662641434961,1.6415275813827037,1.6339828031195367,1.626348437623676,1.6186446596914266,1.6108962087197796,1.6031336298359662,1.5953950567985657,1.5877288987041709,1.5801981408064876,1.5728877904550131,1.5659191995549833,1.5594819887664784,1.5539217698092074,1.5500283744266596,1.5490754323114118
