θ[mm² mm⁻²]_Year,Month,Day,Hour,Minute,Second Znode[mm],-5.0,-15.0,-25.0,-35.0,-45.0,-55.0,-65.0,-75.0,-85.0,-95.0,-105.0,-115.0,-125.0,-135.0,-145.0,-155.0,-165.0,-175.0,-185.0,-195.0,-205.0,-215.0,-225.0,-235.0,-245.0,-255.0,-265.0,-275.0,-285.0,-295.0,-305.0,-315.0,-325.0,-335.0,-345.0,-355.0,-365.0,-375.0,-385.0,-395.0,-405.0,-415.0,-425.0,-435.0,-445.0,-455.0,-465.0,-475.0,-485.0,-495.0,-505.0,-515.0,-525.0,-535.0,-545.0,-555.0,-565.0,-575.0,-585.0,-595.0,-605.0,-615.0,-625.0,-635.0,-645.0,-655.0,-665.0,-675.0,-685.0,-695.0,-705.0,-715.0,-725.0,-735.0,-745.0,-755.0,-765.0,-775.0,-785.0,-795.0,-805.0,-815.0,-825.0,-835.0,-845.0,-855.0,-865.0,-875.0,-885.0,-895.0,-905.0,-915.0,-925.0,-935.0,-945.0,-955.0,-965.0,-975.0,-985.0,-995.0
1.0,1.0,1.0,12.0,0.0,0.0,0.21187086338793867,0.21147445715579943,0.21105495556068962,0.2106111383626008,0.21014170791127795,0.20964528258560755,0.20912038949811398,0.20856545636041615,0.207978802387574,0.20735862809765412,0.20670300383679707,0.2060098568284028,0.205276956506491,0.204501897846016,0.2036820823447152,0.2028146962390234,0.2018966854469149,0.20092472661833313,0.199895193532609,0.19880411790345454,0.19764714342435638,0.19641947159535864,0.19511579749607894,0.19373023318217078,0.19225621574697993,0.19068639625814232,0.18901250468604175,0.18722518450385972,0.18531378875316065,0.18326612691489774,0.18106814879156935,0.17870354775796668,0.17615326139945017,0.17339484364655763,0.17040168166045944,0.16714203950299744,0.16357794426856226,0.1596640214725497,0.15534659046971538,0.15056372350918523,0.145247778365641,0.13933289587013406,0.13277452474673224,0.12561564897924404,0.1181217172677404,0.1108598191731597,0.10483318721833727,0.10142349146718901,0.1002968666008332,0.09962574003525468,0.09927815238299367,0.09922840210183928,0.09922719685165277,0.09922717482205574,0.0992271744218014,0.09922717441453009,0.09922717441439788,0.09922717441439548,0.09922717441439545,0.09922717441439545,0.09922717441439545,0.09922717441439545,0.09922717441439545,0.09922717441439545,0.09922717441439545,0.09922717441439545,0.09922717441439545,0.09922717441439545,0.09922717441439545,0.09922717441439545,0.09922717441439545,0.09922717441439545,0.09922717441439545,0.09922717441439545,0.09922717441439545,0.09922717441439545,0.09922717441439545,0.09922717441439545,0.09922717441439545,0.09922717441439545,0.09922717441439545,0.09922717441439545,0.09922717441439545,0.09922717441439545,0.09922717441439545,0.09922717441439545,0.09922717441439545,0.09922717441439545,0.09922717441439545,0.0992271744143951,0.09922717441438654,0.09922717441411824,0.09922717440625678,0.099227174194919,0.09922716908421501,0.09922706113689869,0.09922515638761925,0.09919881275802411,0.09892039556090094,0.09771544967051257
1.0,1.0,1.0,13.0,0.0,0.0,0.21189056954404387,0.21153480132439212,0.21115868051265368,0.21076116280353085,0.21034114065389325,0.2098974382336008,0.20942880584549087,0.20893391374389353,0.20841134526962307,0.20785958920575848,0.2072770312422738,0.20666194441801103,0.2060124783849517,0.20532664731120573,0.20460231620443797,0.20383718539504025,0.20302877286624932,0.2021743940541019,0.2012711386602587,0.2003158439210983,0.1993050636514148,0.19823503222318076,0.19710162243937657,0.19590029600682327,0.1946260449830098,0.19327332214685022,0.1918359576912834,0.19030705891549804,0.18867888865213775,0.186942716930459,0.18508863876392997,0.18310534886330232,0.1809798614281068,0.17869715994899388,0.17623975837932082,0.17358715191840818,0.17071513518270348,0.1675949728491549,0.1641924327078686,0.1604667503082474,0.15636973644361232,0.15184548688255145,0.14683212486319316,0.14127165137996883,0.13513415184859173,0.12844666739340216,0.12136398061597868,0.11429098140890492,0.10773986766146698,0.10241894196981666,0.09963552419452994,0.09923700869411968,0.09922735414614502,0.09922717767992485,0.09922717447372019,0.0992271744154733,0.09922717441441502,0.09922717441439578,0.09922717441439545,0.09922717441439545,0.09922717441439545,0.09922717441439545,0.09922717441439545,0.09922717441439545,0.09922717441439545,0.09922717441439545,0.09922717441439545,0.09922717441439545,0.09922717441439545,0.09922717441439545,0.09922717441439545,0.09922717441439545,0.09922717441439545,0.09922717441439545,0.09922717441439545,0.09922717441439545,0.09922717441439545,0.09922717441439545,0.09922717441439545,0.09922717441439545,0.09922717441439545,0.09922717441439545,0.09922717441439545,0.09922717441439545,0.09922717441439545,0.09922717441439545,0.09922717441439545,0.09922717441439545,0.09922717441439545,0.09922717441439487,0.09922717441438002,0.09922717441393977,0.09922717440178953,0.09922717409479449,0.09922716713578936,0.09922702975249943,0.0992247707700558,0.09919571009173059,0.0989095723143385,0.09772543808120783
1.0,1.0,1.0,14.0,0.0,0.0,0.21190732464347145,0.21158608436604714,0.2112467505951552,0.21088841800014108,0.210510128607161,0.2101108678110428,0.2096895599907108,0.20924506367827767,0.20877616622423306,0.20828157789213855,0.20775992530550227,0.20720974415677249,0.20662947107315216,0.20601743451567325,0.20537184456597635,0.2046907814286127,0.20397218244436707,0.20321382737058616,0.20241332163605077,0.2015680772181542,0.20067529071603557,0.19973191810090385,0.19873464550893016,0.19767985529593143,0.19656358638765992,0.19538148772282105,0.19412876328199394,0.1928001068029131,0.19138962377232346,0.18989073761808062,0.18829607615065908,0.18659733315233232,0.18478509849636887,0.18284864818756472,0.18077568312341963,0.178552002065682,0.17616109024890325,0.17358360046258803,0.17079669926269084,0.16777325005104193,0.16448081546796525,0.16088050728997977,0.15692587017949147,0.15256245435643911,0.14772953232746353,0.14236677797963754,0.13643611311496562,0.12997780976064016,0.12317409227948041,0.11641122187959976,0.11037609904042807,0.10543688254398628,0.10153684072472033,0.09951709161375515,0.0992341382809971,0.09922730287003774,0.09922717677059144,0.09922717445760933,0.09922717441518802,0.09922717441440987,0.0992271744143956,0.09922717441439538,0.09922717441439538,0.09922717441439538,0.09922717441439538,0.09922717441439538,0.09922717441439538,0.09922717441439538,0.09922717441439538,0.09922717441439538,0.09922717441439538,0.09922717441439538,0.09922717441439538,0.09922717441439538,0.09922717441439538,0.09922717441439538,0.09922717441439538,0.09922717441439538,0.09922717441439538,0.09922717441439538,0.09922717441439538,0.09922717441439538,0.09922717441439538,0.09922717441439538,0.09922717441439538,0.09922717441439538,0.09922717441439538,0.09922717441439538,0.09922717441439546,0.09922717441439466,0.0992271744143693,0.09922717441365937,0.09922717439523204,0.09922717395777571,0.09922716465571371,0.0992269926947131,0.09922434962929756,0.09919258118007997,0.09889951592407867,0.09773429491142864
1.0,1.0,1.0,15.0,0.0,0.0,0.2119220925819591,0.21163126960895604,0.21132429784442053,0.21100038774909902,0.21065870559173408,0.21029837026632897,0.20991844981000493,0.20951795758579148,0.20909584808947593,0.20865101233360098,0.20818227275452444,0.20768837758006145,0.20716799458524127,0.20661970415187111,0.2060419915334635,0.20543323821015358,0.20479171219787692,0.20411555715147173,0.2034027800715315,0.20265123738842666,0.20185861915231415,0.2010224310030428,0.2001399735258016,0.19920831851370502,0.1982242815523971,0.19718439020813402,0.19608484693135278,0.1949214855715806,0.19368972012192465,0.19238448395250937,0.19100015732520548,0.18953048037026252,0.1879684478991434,0.1863061813591895,0.18453477181297456,0.18264408592641307,0.18062252441808846,0.1784567190713094,0.17613115005824687,0.17362765991481155,0.17092483444909,0.1679972159747345,0.16481431610811859,0.1613394184386311,0.15752823906391497,0.15332774164394558,0.1486760838097325,0.14350618913477753,0.13775775488247166,0.13141154107417466,0.12458013456471434,0.11761899285948285,0.11117739227007326,0.10624308619286525,0.10297793481438547,0.10056156865167483,0.09937664074070968,0.09923061016751691,0.09922723843994677,0.09922717560234273,0.09922717443643517,0.09922717441480434,0.09922717441440292,0.0992271744143956,0.09922717441439541,0.09922717441439545,0.09922717441439545,0.09922717441439545,0.09922717441439545,0.09922717441439545,0.09922717441439545,0.09922717441439545,0.09922717441439545,0.09922717441439545,0.09922717441439545,0.09922717441439545,0.09922717441439545,0.09922717441439545,0.09922717441439545,0.09922717441439545,0.09922717441439545,0.09922717441439545,0.09922717441439545,0.09922717441439545,0.09922717441439545,0.09922717441439545,0.09922717441439545,0.09922717441439545,0.09922717441439555,0.09922717441439412,0.09922717441435298,0.09922717441326233,0.09922717438643125,0.09922717378363602,0.09922716167563572,0.09922695067262378,0.09922389988231424,0.09918943721332996,0.09889001646814535,0.09774230763819927
1.0,1.0,1.0,16.0,0.0,0.0,0.2119351588401933,0.21167123526125992,0.21139284497250183,0.21109929538837235,0.21078985650078005,0.21046375830935043,0.21012018802237628,0.2097582870025325,0.20937714742788346,0.20897580863452506,0.20855325310238249,0.2081084020399953,0.20764011051744943,0.2071471620887951,0.20662826283597463,0.20608203475529163,0.2055070083943231,0.2049016146314838,0.20426417547160228,0.20359289370813832,0.2028858412751214,0.20214094607834418,0.2013559770543486,0.2005285271552608,0.19965599389520255,0.19873555701648468,0.19776415273686548,0.1967384439172904,0.1956547853352418,0.1945091830523359,0.19329724661280653,0.19201413248420246,0.19065447672868355,0.18921231433964655,0.18768098194872412,0.18605299964024002,0.1843199263189227,0.18247218134646193,0.18049882283938135,0.17838726990753878,0.17612295197804628,0.1736888629788563,0.17106499151472687,0.16822759085306793,0.1651482469818853,0.16179270673172869,0.1581194616904503,0.15407819827712038,0.1496085509704021,0.14464054364487106,0.1391004586560718,0.13292953411642955,0.12613421770270639,0.11891734670356864,0.11183372904558314,0.10583001697150649,0.10218488938106897,0.1006590264071409,0.09969531048732368,0.09926982333048161,0.09922809621961902,0.09922719174768731,0.09922717473941899,0.09922717442048974,0.09922717441450983,0.09922717441439766,0.09922717441439555,0.09922717441439555,0.09922717441439555,0.09922717441439555,0.09922717441439555,0.09922717441439555,0.09922717441439555,0.09922717441439555,0.09922717441439555,0.09922717441439555,0.09922717441439555,0.09922717441439555,0.09922717441439555,0.09922717441439555,0.09922717441439555,0.09922717441439555,0.09922717441439555,0.09922717441439555,0.09922717441439555,0.09922717441439555,0.09922717441439555,0.09922717441439555,0.09922717441439528,0.09922717441439305,0.0992271744143297,0.09922717441272405,0.0992271743750125,0.0992271735679631,0.09922715816031823,0.09922690358365148,0.09922342252071023,0.0991862824747785,0.09888101878439498,0.09774954701859802
1.0,1.0,1.0,17.0,0.0,0.0,0.21194659357588247,0.21170619905885682,0.21145277578526817,0.21118571125965596,0.21090436089746006,0.21060804591291898,0.21029605102719687,0.20996762197735375,0.20962196280425324,0.20925823289452214,0.20887554374828993,0.2084729554404496,0.20804947273854205,0.2076040408349803,0.20713554064494155,0.20664278361379373,0.2061245059690728,0.2055793623415413,0.20500591866737322,0.20440264426859234,0.20376790299097888,0.20309994325705977,0.20239688686568585,0.20165671633786328,0.20087726056965988,0.20005617850523283,0.1991909404840061,0.19827880684275895,0.19731680326179954,0.19630169222932983,0.19522993985254117,0.19409767705871955,0.19290065399220846,0.1916341861067371,0.1902930900546233,0.18887160695359395,0.18736330992595118,0.18576099189515505,0.18405652841172812,0.1822407086552516,0.1803030255776282,0.17823141323008465,0.176011915436955,0.17362826494741146,0.1710613460016333,0.16828850654684774,0.16528268171380642,0.16201129506118175,0.15843493907884837,0.1545059628202513,0.1501674450325117,0.1453537498313644,0.13999598972511546,0.1340413267771608,0.1274899744617361,0.12045954831051603,0.11333434485865625,0.10676330287291942,0.10170193191376811,0.09945268154553161,0.09923204851814313,0.09922726606533473,0.0992271761329804,0.09922717444661962,0.09922717441499979,0.09922717441440684,0.09922717441439571,0.09922717441439555,0.09922717441439555,0.09922717441439555,0.09922717441439555,0.09922717441439555,0.09922717441439555,0.09922717441439555,0.09922717441439555,0.09922717441439555,0.09922717441439555,0.09922717441439555,0.09922717441439555,0.09922717441439555,0.09922717441439555,0.09922717441439555,0.09922717441439555,0.09922717441439555,0.09922717441439555,0.09922717441439555,0.09922717441439555,0.09922717441439555,0.09922717441439523,0.09922717441439169,0.09922717441429661,0.09922717441198523,0.09922717436003237,0.09922717329817234,0.09922715397963487,0.0992268505195966,0.09922291462753079,0.09918312055574369,0.09887253230709116,0.0977559834998199
1.0,1.0,1.0,18.0,0.0,0.0,0.21195649050049023,0.21173645122516788,0.2115045998169278,0.21126038934395672,0.21100324495545827,0.2107325621094405,0.21044770465568172,0.21014800275888856,0.20983275064517978,0.20950120415283655,0.20915257806575074,0.20878604320510774,0.2084007232514615,0.2079956912654465,0.20756996587080323,0.207122507058064,0.2066522115609405,0.20615790775009876,0.20563834998025216,0.20509221231613134,0.20451808155056067,0.20391444941308232,0.2032797038498443,0.20261211923407108,0.20190984534050677,0.20117089488566745,0.2003931293971073,0.1995742431274153,0.19871174466992836,0.19780293586009853,0.19684488745511403,0.19583441096939952,0.19476802589800246,0.19364192137425623,0.19245191106983595,0.19119337983737333,0.18986122019493312,0.18844975622618115,0.18695265177639842,0.18536279890287868,0.18367218130662757,0.1818717058194635,0.17995099279871754,0.1778981133032278,0.1756992569753889,0.17333830945760387,0.17079631198525858,0.16805076936754554,0.1650747690270093,0.1618358824978886,0.1582948664508944,0.1544043253793572,0.15010793139874018,0.1453419383470601,0.14004267369341078,0.13416943596673286,0.12776684910050645,0.12104395948102536,0.11443493331931004,0.10864853400190173,0.10395514512430154,0.10057979220659986,0.09931692510781594,0.09922900222787484,0.09922720898237183,0.09922717506721329,0.09922717442672357,0.09922717441462826,0.09922717441439985,0.09922717441439556,0.09922717441439538,0.09922717441439538,0.09922717441439538,0.09922717441439538,0.09922717441439538,0.09922717441439538,0.09922717441439538,0.09922717441439538,0.09922717441439538,0.09922717441439538,0.09922717441439538,0.09922717441439538,0.09922717441439538,0.09922717441439538,0.09922717441439538,0.09922717441439538,0.09922717441439538,0.09922717441439538,0.09922717441439521,0.09922717441438947,0.09922717441424597,0.09922717441091401,0.09922717433951785,0.09922717294980056,0.09922714889994919,0.09922678999182057,0.09922237200501709,0.09917995757047222,0.0988645670393146,0.09776158513339706
1.0,1.0,1.0,19.0,0.0,0.0,0.21196544365738637,0.2117638131050239,0.21155145503297812,0.21132787973270564,0.2110925731085823,0.2108449951839096,0.2105845784897506,0.2103107263249699,0.21002281087444927,0.2097201711708377,0.20940211088334967,0.20906789591498137,0.20871675178709317,0.20834786078744114,0.20796035885449077,0.20755333216699623,0.20712581340341363,0.20667677763047593,0.20620513777418334,0.20570973961923875,0.20518935627447946,0.2046426820317621,0.20406832553375565,0.2034648021517426,0.2028305254573006,0.20216379765096112,0.20146279878578682,0.20072557459318596,0.19995002268084774,0.19913387682665173,0.1982746890355479,0.19736980895569198,0.19641636016179456,0.19541121270250028,0.19435095116797357,0.1932318373546754,0.19204976637447807,0.19080021475835302,0.18947817871859712,0.18807810022738003,0.18659377790125864,0.18501825879334563,0.18334370600707017,0.1815612354483733,0.17966071287831048,0.17763049952053167,0.17545713057821072,0.17312490587212997,0.1706153652914978,0.1679066142123271,0.1649724573746454,0.16178130011387004,0.15829480123058146,0.1544663592772843,0.15023980145398877,0.14554947873452045,0.140325142210912,0.13450852812593597,0.12809973303728886,0.12127391667857759,0.11449392437275044,0.10855750419636484,0.10440709786425018,0.10160556098873494,0.09977707762202452,0.0992517580954998,0.0992276569692929,0.09922718358760467,0.09922717458866792,0.09922717441770611,0.09922717441445837,0.09922717441439667,0.09922717441439556,0.09922717441439555,0.09922717441439553,0.09922717441439553,0.09922717441439553,0.09922717441439553,0.09922717441439553,0.09922717441439553,0.09922717441439553,0.09922717441439553,0.09922717441439553,0.09922717441439553,0.09922717441439553,0.09922717441439553,0.09922717441439553,0.09922717441439553,0.09922717441439503,0.09922717441438637,0.09922717441417742,0.09922717440952304,0.09922717431395178,0.0992271725336055,0.09922714308873483,0.09922672376560979,0.09922180480245489,0.09917679760818164,0.0988569412686897,0.09776663768319901
1.0,1.0,1.0,20.0,0.0,0.0,0.21197354758010004,0.21178857480142377,0.21159384209561602,0.21138890973145025,0.21117331658146352,0.21094657885520832,0.21070818873708488,0.2104576129196852,0.21019429102252657,0.20991763388484086,0.20962702171972472,0.20932180211538373,0.20900128786741598,0.20866475462400108,0.20831143832351043,0.2079405324012797,0.20755118473913076,0.2071424943275164,0.20671350760587234,0.20626321444171816,0.20579054370314998,0.20529435837243318,0.2047734501401907,0.20422653340997998,0.20365223863147705,0.20304910486670108,0.20241557147713393,0.20174996879966586,0.2010505076551658,0.20031526750415551,0.1995421830282519,0.19872902887207944,0.19787340222609,0.19697270286340704,0.19602411015975038,0.1950245565199851,0.1939706965014687,0.19285887075477068,0.19168506368516097,0.19044485345818712,0.1891333526089165,0.18774513703851087,0.18627416055448962,0.18471365127819378,0.18305598512943574,0.18129253010016505,0.17941345300323608,0.17740747763563386,0.175261579575732,0.1729605978384424,0.17048673704796322,0.16781892558642292,0.16493198611725193,0.16179556829615666,0.1583727998341041,0.15461866133733448,0.15047826160310965,0.14588568262637783,0.1407654884544554,0.13504260383441577,0.12867195383120061,0.1217193475880326,0.1145475309467372,0.10793283065544618,0.10307699441255952,0.10089269959113512,0.09989901358249043,0.09934114344518719,0.09923066959086518,0.09922724209755907,0.09922717570922505,0.09922717443916078,0.09922717441486925,0.09922717441440451,0.0992271744143956,0.09922717441439542,0.0992271744143954,0.0992271744143954,0.0992271744143954,0.0992271744143954,0.0992271744143954,0.0992271744143954,0.0992271744143954,0.0992271744143954,0.0992271744143954,0.0992271744143954,0.0992271744143954,0.09922717441439556,0.09922717441439492,0.09922717441438215,0.09922717441408778,0.0992271744077658,0.09922717428276966,0.09922717204424883,0.0992271365129685,0.09922665178340231,0.09922121376300302,0.09917364247610931,0.0988496308078275,0.09777117871804887
1.0,1.0,1.0,21.0,0.0,0.0,0.2119807481125439,0.21181057143903254,0.21163148073530444,0.2114430789402685,0.21124495006224075,0.21103665809186822,0.21081774583610746,0.21058773366603678,0.2103461181704727,0.2100923707064338,0.2098259358364636,0.20954622964163158,0.20925263789768947,0.20894451410029644,0.20862117732348212,0.20828190989345247,0.2079259548575232,0.20755251322524063,0.2071607409556253,0.20674974566082194,0.2063185829921907,0.20586625266992337,0.20539169411143,0.20489378160690616,0.20437131898238697,0.2038230336810255,0.20324757018190662,0.2026434826620989,0.20200922679129993,0.20134315052875004,0.20064348376827262,0.1999083266483503,0.199135636308772,0.1983232118319706,0.19746867705354293,0.19656946085991575,0.1956227745080081,0.19462558539736488,0.19357458659327875,0.1924661612314731,0.19129634071975132,0.19006075537437808,0.1887545757680423,0.1873724425937078,0.1859083822252475,0.18435570432736537,0.18270687675895209,0.18095337152209048,0.17908547349175763,0.17709204092950764,0.17496020309754823,0.17267497537697085,0.17021876595046995,0.16757074050098897,0.16470600391120344,0.16159455568762746,0.15819999353527062,0.15447801677860323,0.15037503674884048,0.14582790040529214,0.14076711622576576,0.1351304585010149,0.12890119902003705,0.12216167804233641,0.11519872599705225,0.10861784015345505,0.1031249048611402,0.0998892205685112,0.0992474791412527,0.09922756761077976,0.09922718193654154,0.09922717455826628,0.09922717441714729,0.09922717441444809,0.09922717441439644,0.09922717441439545,0.0992271744143954,0.0992271744143954,0.0992271744143954,0.0992271744143954,0.0992271744143954,0.0992271744143954,0.0992271744143954,0.0992271744143954,0.0992271744143954,0.0992271744143954,0.0992271744143954,0.09922717441439556,0.09922717441439466,0.09922717441437622,0.09922717441396602,0.09922717440546638,0.09922717424356735,0.09922717145433507,0.09922712892911091,0.09922657255644539,0.0992205944105598,0.09917049629033557,0.0988426721260191,0.0977751475921568
1.0,1.0,1.0,22.0,0.0,0.0,0.2119871469962554,0.2118301154289465,0.2116649107066808,0.2114911723663042,0.21130852306329095,0.2111165676284218,0.2109148920581882,0.21070306243307024,0.21048062375719753,0.21024709871218136,0.21000198631710598,0.20974476048573334,0.20947486847095775,0.20919172918533585,0.20889473138516892,0.20858323170408993,0.20825655252028782,0.2079139796395121,0.20755475977360177,0.20717809779160376,0.2067831537173714,0.2063690394438846,0.20593481513026357,0.20547948524245,0.20500199419268994,0.20450122152602976,0.20397597659391553,0.2034249926453003,0.20284692025416654,0.20224031998862357,0.2016036542102034,0.20093527787211632,0.20023342816107811,0.19949621279801233,0.19872159677705256,0.1979073872781694,0.19705121643424184,0.1961505215656606,0.19520252241083003,0.19420419477439266,0.19315223988006003,0.19204304854294454,0.19087265905551637,0.1896367073958809,0.18833036799532515,0.18694828281424467,0.1854844758305509,0.18393224918554474,0.18228405607995357,0.18053134395804038,0.1786643594106527,0.1766719033688695,0.17454102129579563,0.1722566079353765,0.16980089954947358,0.1671528187127464,0.16428712932792042,0.1611733584630607,0.15777446453376828,0.1540453259056369,0.14993141382293107,0.1453688794243745,0.1402894184921225,0.13463677221701795,0.12841542347734686,0.12179491495590794,0.11517127373573613,0.10924128442785652,0.10458846546435005,0.10110370471499247,0.09942977725584826,0.09923190002693281,0.09922726554530788,0.09922717616474953,0.09922717444801209,0.09922717441504107,0.09922717441440783,0.09922717441439555,0.0992271744143954,0.0992271744143954,0.0992271744143954,0.0992271744143954,0.0992271744143954,0.0992271744143954,0.0992271744143954,0.0992271744143954,0.0992271744143954,0.0992271744143955,0.09922717441439434,0.09922717441436754,0.0992271744137964,0.09922717440240139,0.09922717419364104,0.09922717073745214,0.09922712014756639,0.09922648527757233,0.09921994606427868,0.09916736364196506,0.09883604564942787,0.09777857836536989
1.0,1.0,1.0,23.0,0.0,0.0,0.21199301915767702,0.21184804833726598,0.2116955774903833,0.21153527892807267,0.21136680987500006,0.21118981164864814,0.2110039087827316,0.2108087080900795,0.21060379765973403,0.21038874578244415,0.2101630997981108,0.20992638485804244,0.2096781025940353,0.20941772968543937,0.2091447163142762,0.2088584844973487,0.2085584262829069,0.2082439017978996,0.2079142371301026,0.20756872202736018,0.20720660739385888,0.20682710256065945,0.20642937230457345,0.2060125335858461,0.20557565197087815,0.20511773770125924,0.20463774136457408,0.20413454911560922,0.2036069773885016,0.20305376703077863,0.20247357677884717,0.20186497598082903,0.2012264364562922,0.20055632336268775,0.1998528849144116,0.19911424077136056,0.19833836887828607,0.1975230904926114,0.19666605308437196,0.19576471072491625,0.19481630149714632,0.1938178213546745,0.1927659937237992,0.1916572339721509,0.1904876076496455,0.18925278112528574,0.1879479628761343,0.18656783320284243,0.1851064595090512,0.18355719343318802,0.18191254498219134,0.180164027278082,0.1783019634388847,0.17631524426955464,0.17419102156747293,0.1719143166280479,0.16946751666507254,0.1668297233058131,0.1639759080755572,0.160875823958669,0.15749263265218844,0.15378127138397707,0.14968679984773411,0.14514359578437488,0.14007811965590297,0.13442212474735912,0.12814984920224237,0.12138124511255763,0.1145543386207945,0.10845335108044646,0.10414171825880861,0.10157634559393822,0.09987416667691164,0.09926727529533591,0.09922800212696241,0.0992271904557632,0.09922717472489558,0.09922717442040552,0.09922717441451158,0.09922717441439753,0.0992271744143954,0.09922717441439538,0.09922717441439532,0.09922717441439532,0.09922717441439532,0.09922717441439532,0.09922717441439532,0.09922717441439537,0.09922717441439392,0.0992271744143564,0.09922717441358064,0.0992271743986317,0.09922717413424882,0.0992271699132492,0.09922711039871339,0.09922639180815979,0.0992192767266481,0.09916424301701907,0.09882964694399737,0.0977816434014815
1.0,1.0,2.0,0.0,0.0,0.0,0.21199840948278717,0.21186450767161538,0.21172371762140058,0.21157574100264906,0.21142026597151586,0.21125696645324948,0.2110855013785132,0.21090551386871187,0.21071663036605756,0.2105184597036551,0.21031059211042816,0.21009259814510772,0.2098640275529373,0.20962440803798926,0.20937324394325268,0.20911001482969888,0.20883417394454645,0.20854514656776924,0.20824232822457683,0.2079250827500556,0.2075927401904651,0.20724459452363736,0.20687990117868132,0.20649787433248476,0.20609768395747585,0.20567845259150297,0.20523925179654368,0.20477909826806695,0.20429694955118388,0.2037916993129928,0.20326217211258454,0.20270711760078983,0.20212520407054047,0.20151501126537216,0.20087502233758325,0.20020361482821994,0.19949905051775493,0.1987594639679134,0.19798284954043285,0.1971670466359553,0.19630972284372272,0.1954083546274948,0.19446020509166936,0.19346229826928224,0.19241138924424533,0.1913039292555858,0.19013602472057162,0.18890338884145838,0.187601284106716,0.18622445353404526,0.1847670378904456,0.18322247531031943,0.1815833786408899,0.1798413843701867,0.1779869649901249,0.17600919391384912,0.17389544833037648,0.17163103029297716,0.16919867950926842,0.16657794244470364,0.16374435176785834,0.16066836013510027,0.15731397092628607,0.15363704024279795,0.1495833587474484,0.14508703905971215,0.1400709219944012,0.1344541781889942,0.12817916302939364,0.12128221583759666,0.11407586534706504,0.10734712643114247,0.10232085299039836,0.10017031463425427,0.09959152071122399,0.09929598780933015,0.09922955995998925,0.09922722151363837,0.09922717532884043,0.09922717443214377,0.09922717441473995,0.09922717441440213,0.09922717441439578,0.09922717441439549,0.09922717441439562,0.09922717441439574,0.09922717441439574,0.09922717441439527,0.09922717441439298,0.09922717441434194,0.09922717441331426,0.09922717439409483,0.09922717406475547,0.09922716897695524,0.09922709966240013,0.09922629217690056,0.09921858714830963,0.09916113512475641,0.09882346161425823,0.09778436786975836
1.0,1.0,2.0,1.0,0.0,0.0,0.21200320021775693,0.21187913380972884,0.21174871607856544,0.21161167399531153,0.21146772233263383,0.21131656303231952,0.21115788453235484,0.21099136105036637,0.21081665181988632,0.21063340027553956,0.21044123318288485,0.21023975970815736,0.21002857042271766,0.20980723623639824,0.2095753072533715,0.20933231154340046,0.20907775382056804,0.2088111140206594,0.20853184576734984,0.20823937471615206,0.20793309676378113,0.2076123761090097,0.20727654314938504,0.20692489219610305,0.2065566789870541,0.20617111797533266,0.20576737936740222,0.20534458588145993,0.20490180919233772,0.20443806602431727,0.20395231384742318,0.20344344612593798,0.20291028705977443,0.2023515857497695,0.2017660097065531,0.20115213760894862,0.2005084512015144,0.19983332620103605,0.19912502205783514,0.19838167038858334,0.19760126186166557,0.1967816312722423,0.19592044048992246,0.19501515889449914,0.1940630408308205,0.19306109950762018,0.19200607663053623,0.1908944068878555,0.18972217618691067,0.18848507225361222,0.18717832583535188,0.18579664025844456,0.18433410644358078,0.1827840996185141,0.18113915280546744,0.17939080058895224,0.17752938453245604,0.17554380869998876,0.17342122978070526,0.17114666100213527,0.16870246210515116,0.16606767930760713,0.16321719098949536,0.16012061263647703,0.15674093629783034,0.15303297407562927,0.1489419760082265,0.14440370613716028,0.1393492381791751,0.13372185486493407,0.1275265732083145,0.12090429296705113,0.1142069247929807,0.10808207141875537,0.10304812979677835,0.0999526597545097,0.09925233142951737,0.09922767110756833,0.09922718405784223,0.09922717460156454,0.09922717441802822,0.09922717441446595,0.09922717441439702,0.0992271744143955,0.09922717441439563,0.09922717441439574,0.09922717441439574,0.09922717441439521,0.09922717441439192,0.09922717441432187,0.09922717441295481,0.09922717438821248,0.09922717397824206,0.09922716785956781,0.09922708740116926,0.09922618349547883,0.09921786967612904,0.0991580478808579,0.09881755457581098,0.09778665532793086
1.0,1.0,2.0,2.0,0.0,0.0,0.21200757930875214,0.21189250173951704,0.2117715594084034,0.21164450193130063,0.2115110678803327,0.21137098422318873,0.2112239657276119,0.21106971432834176,0.210907918453572,0.21073825230765986,0.21056037510656722,0.21037393026208814,0.21017854451058562,0.2099738269814615,0.20975936820013874,0.20953473901971095,0.2092994894748484,0.2090531475507825,0.20879521785941102,0.20852518021364702,0.20824248809007911,0.2079465669688518,0.20763681253828795,0.207312588750262,0.20697322571052137,0.2066180173861435,0.20624621910994045,0.20585704485888742,0.20544966428053596,0.20502319943764,0.20457672123697926,0.20410924550333587,0.2036197286536603,0.20310706291956587,0.202570071058036,0.20200750048049484,0.2014180167187818,0.20080019613266847,0.20015251774682336,0.19947335408502673,0.19876096084494432,0.19801346522701674,0.19722885269456164,0.19640495189729076,0.19553941743489772,0.19462971006823485,0.19367307389897426,0.19266650992950132,0.19160674527636448,0.19049019713369367,0.18931293035553487,0.1880706072311547,0.18675842764233488,0.18537105728488018,0.18390254096432612,0.1823461970771222,0.18069448817816502,0.17893886089435884,0.17706954620712054,0.17507530807031743,0.17294312416343866,0.1706577769630814,0.1682013259620675,0.16555242288517796,0.16268542267125835,0.1595692396075311,0.15616591831022866,0.15242898486966205,0.14830194791392054,0.1437182099184553,0.13860616987040916,0.13290785017422438,0.12663173881578627,0.11997924784027139,0.11343503957019294,0.10779635220745659,0.10371557856161433,0.1007940560098541,0.09939626324080193,0.09923116009425591,0.09922725224734497,0.0992271759282213,0.09922717444383658,0.09922717441496819,0.09922717441440672,0.09922717441439577,0.09922717441439524,0.09922717441439499,0.09922717441439034,0.09922717441429518,0.09922717441249644,0.09922717438096255,0.09922717387522648,0.0992271665751129,0.09922707380555425,0.09922606734255933,0.0992171308183039,0.09915497916997462,0.09881184887451862,0.09778863481883594
1.0,1.0,2.0,3.0,0.0,0.0,0.21201163567527334,0.21190488337651142,0.21179271377599082,0.21167489709808263,0.21155119355638838,0.2114213528558754,0.21128511366491576,0.21114220305497197,0.21099233590544783,0.21083521427103474,0.21067052670857744,0.21049794756022397,0.21031713618932416,0.2101277361651367,0.20992937439205922,0.2097216601786248,0.20950418424100314,0.20927651763520475,0.2090382106115381,0.20878879138415418,0.20852776480771867,0.20825461095230996,0.2079687835666333,0.20766970841841287,0.20735678149951273,0.20702936708174752,0.20668679560759484,0.20632836139795407,0.20595332015675222,0.20556088624946045,0.20515022972942612,0.2047204730822338,0.20427068765403708,0.20379988972475202,0.20330703618112128,0.20279101973769656,0.20225066364555955,0.2016847158188499,0.20109184229753466,0.20047061995093005,0.19981952830978256,0.1991369403945238,0.198421112382883,0.1976701719301901,0.1968821049193113,0.19605474037218557,0.19518573319943539,0.1942725443953704,0.19331241819916264,0.19230235563388595,0.19123908369686343,0.19011901929813024,0.18893822681674205,0.1876923678504719,0.18637664135031679,0.18498571182594198,0.18351362263794885,0.18195369049692567,0.18029837608218496,0.17853912405528885,0.17666616350759234,0.17466825681667833,0.1725323806857394,0.17024331741913007,0.16778312684907937,0.16513045960399367,0.16225966141562687,0.15913960987958012,0.15573223268302966,0.1519907190972722,0.14785766490444494,0.1432640705281365,0.13813210692411598,0.13238968886271374,0.12601291686348406,0.11914190625139426,0.11229280680459344,0.10638266190377518,0.10258892398183839,0.10073505996755606,0.09960724515626945,0.09924717011418069,0.09922758268757886,0.09922718238850961,0.09922717457000352,0.09922717441743178,0.09922717441445462,0.09922717441439656,0.0992271744143888,0.09922717441426275,0.09922717441194011,0.09922717437239076,0.09922717375670184,0.09922716513798259,0.09922705902556471,0.09922594476351894,0.09921637427765737,0.09915192694592756,0.0988063051853228,0.09779037074306421
1.0,1.0,2.0,4.0,0.0,0.0,0.21201537036084114,0.21191628203196405,0.21181218524278284,0.21170286883957382,0.2115881125742476,0.21146768666080198,0.21134135130566722,0.21120885621004556,0.21106994004215834,0.21092432987717108,0.21077174060230666,0.210611874284454,0.21044441949733989,0.21026905060499665,0.2100854269979933,0.20989319227851516,0.2096919733899744,0.2094813796864123,0.20926100193643649,0.2090304112558759,0.20878915796271705,0.20853677034714438,0.20827275334873374,0.20799658713188854,0.20770772554960995,0.20740559448446563,0.20708959005429584,0.20675907666862384,0.206413384919973,0.20605180929223793,0.20567360566590265,0.20527798859715846,0.20486412834483195,0.20443114761532705,0.20397811799151153,0.20350405600644483,0.20300791881693953,0.20248859942500577,0.201944921387004,0.20137563294056549,0.20077940046773018,0.20015480119882836,0.19950031504495414,0.1988143154266634,0.19809505894218393,0.19734067368857927,0.1965491460129417,0.19571830542584664,0.19484580735387397,0.19392911333897436,0.19296546820615482,0.1919518736121317,0.19088505724971028,0.18976143680661917,0.18857707755114844,0.18732764212383995,0.18600833073184345,0.184613809439292,0.18313812357966247,0.1815745924240409,0.1799156800373689,0.17815283562370138,0.1762762944340003,0.17427482725468105,0.1721354223015477,0.1698428776213818,0.1673792744390441,0.16472329207886352,0.16184931388510704,0.1587262648437414,0.1553161283992596,0.15157215024607051,0.1474369631731034,0.14284154129427407,0.13770752269612332,0.13196052718409107,0.12556922928619577,0.11862405783159366,0.11153023951251761,0.10514995313564585,0.10072525790819044,0.09930600381203414,0.09922878396518225,0.09922720585106143,0.09922717502785565,0.09922717442636624,0.09922717441462896,0.09922717441439985,0.09922717441438658,0.09922717441422191,0.09922717441126672,0.09922717436226756,0.09922717362028625,0.09922716352814455,0.09922704293426594,0.09922581524130432,0.09921559924418336,0.09914889300682532,0.09880092692522705,0.09779186187927319
1.0,1.0,2.0,5.0,0.0,0.0,0.21201870687837138,0.21192646425402228,0.21182957500909547,0.21172784424884328,0.21162106876626088,0.21150903664344045,0.21139152683000237,0.21126830869696786,0.2111391415643065,0.21100377420025235,0.2108619442902687,0.21071337787339445,0.21055778874346665,0.2103948778124955,0.21022433243318528,0.21004582567734228,0.20985901556653835,0.20966354425108377,0.20945903713291802,0.2092451019276167,0.20902132766014841,0.20878728358849635,0.20854251804857504,0.2082865572131584,0.2080189037566975,0.2077390354169755,0.2074464034434837,0.20714043092115514,0.20682051095675358,0.20648600471355852,0.2061362392782158,0.20577050534148333,0.20538805467218005,0.20498809736082774,0.2045697988062295,0.20413227641439657,0.20367459597481147,0.20319576767382033,0.20269474169879628,0.20217040337954514,0.20162156780482027,0.2010469738417097,0.20044527747349916,0.1998150443570859,0.1991547414835679,0.19846272780446114,0.19773724366035714,0.1969763988174908,0.19617815887928086,0.19534032979247049,0.19446054010875125,0.19353622058938344,0.19256458064825022,0.19154258101246668,0.1904669018316875,0.18933390527771826,0.1881395914314363,0.18687954593603912,0.1855488774788729,0.18414214261361622,0.18265325470144098,0.18107537276560837,0.17940076472271269,0.17762063764077068,0.1757249251926217,0.17370201906898602,0.17153842646214013,0.16921832945946694,0.16672301403088083,0.16403012658542376,0.16111270718647913,0.15793794899103059,0.15446566967988606,0.15064662657859215,0.14642126143347403,0.14172084213186845,0.13647615331026866,0.1306446881128295,0.12428664984938959,0.11766847176467848,0.11131657262708092,0.10597885403483218,0.10188395289110427,0.0996214463794492,0.0992381768794224,0.09922739094320199,0.09922717863956126,0.09922717449682762,0.0992271744159914,0.09922717441419716,0.0992271744103787,0.09922717434940738,0.09922717345365918,0.0992271616396485,0.0992270248272878,0.09922567560327145,0.0992147990905513,0.09914588689763375,0.09879576361862775,0.09779304730795002
1.0,1.0,2.0,6.0,0.0,0.0,0.21202181897297423,0.21193596097463901,0.2118457920737164,0.211751132345587,0.21165179426421898,0.2115475823435775,0.2114382927588992,0.21132371294642124,0.2112036211800571,0.21107778612339767,0.21094596635523383,0.21080790986668388,0.21066335352780663,0.21051202252138912,0.2103536297414098,0.21018787515340615,0.21001444511373024,0.20983301164440568,0.2096432316599021,0.20944474614187572,0.209237179257417,0.20902013741595635,0.20879320825943715,0.2085559595797736,0.208307938156978,0.2080486685105823,0.2077776515561522,0.2074943631577357,0.2071982525659912,0.2068887407305383,0.2065652184736164,0.20622704451055732,0.2058735433007083,0.20550400271028804,0.2051176714662001,0.20471375637697733,0.2042914192936831,0.20384977377974328,0.20338788145415823,0.20290474796723304,0.2023993185617441,0.2018704731650775,0.20131702094918477,0.20073769428478785,0.2001311420039355,0.1994959218701093,0.19883049213726325,0.1981332020574891,0.1974022811707943,0.19663582717831984,0.19583179216098875,0.19498796685689712,0.19410196265044669,0.19317119085083717,0.19219283874286736,0.191163841773275,0.19008085108343106,0.18894019540379772,0.18773783607313121,0.18646931361694646,0.18512968388874346,0.18371344120758126,0.18221442516556186,0.18062570675710715,0.17893944809766418,0.1771467281106064,0.1752373239692388,0.17319943451378678,0.17101932696396535,0.16868088159398542,0.16616500026602898,0.16344883396676965,0.1605047737255807,0.1572991461160706,0.15379058293425613,0.1499281651352764,0.14564986252990575,0.1408830267488494,0.1355522813696173,0.12960683626886274,0.12309594760305362,0.11634068762769545,0.11001954486096066,0.10512310097721175,0.10205501863616195,0.10004080148886882,0.09928272833208598,0.09922834720197193,0.09922719736067216,0.09922717486236965,0.09922717441807412,0.09922717433461292,0.09922717326468608,0.09922715955321944,0.09922700534893919,0.09922552940270075,0.09921398363340363,0.0991428993908743,0.09879072678640452,0.09779406023666569
1.0,1.0,2.0,7.0,0.0,0.0,0.21202471814108853,0.2119448073524387,0.21186089671930153,0.21177282007861817,0.21168040431057855,0.2115834690156581,0.2114818261739245,0.21137527978541742,0.21126362549030883,0.21114665016745826,0.2110241315098342,0.21089583757516706,0.2107615263100472,0.2106209450455087,0.21047382996199634,0.21031990552138724,0.21015888386354645,0.20999046416464148,0.20981433195418878,0.20963015838751028,0.20943759946992094,0.2092362952286538,0.20902586882805213,0.20880592562315387,0.20857605214623912,0.20833581502032875,0.20808475979297753,0.20782240968296098,0.20754826423157235,0.2072617978493434,0.20696245824786624,0.2066496647451762,0.20632280643170653,0.20598124018223923,0.2056242884973562,0.20525123715576987,0.20486133265642018,0.2044537794263314,0.20402773676688754,0.20358231550727715,0.20311657432930513,0.20262951572243534,0.20212008152162625,0.20158714797313634,0.20102952026465293,0.20044592644568626,0.19983501065167902,0.19919532553031738,0.19852532375055149,0.19782334845304114,0.1970876224742641,0.1963162361442619,0.1955071334182759,0.19465809605363826,0.19376672548251775,0.19283042195532815,0.19184636043436418,0.19081146259689744,0.18972236415374089,0.18857537649298683,0.18736644140510406,0.18609107731582622,0.1847443150207604,0.18332062034393765,0.1818138003803722,0.18021688895830296,0.17852200556863335,0.17672018011390517,0.1748011332248013,0.17275299829820265,0.17056196644858557,0.1682118287587711,0.16568338107120098,0.16295364487537997,0.1599948447173312,0.15677307332633503,0.15324658826854726,0.1493637727728772,0.1450611150246755,0.14026252715512683,0.13488417716585177,0.1288563759140604,0.12218540420629131,0.11511790173762704,0.10838895644340496,0.10316980918689739,0.10064425226582369,0.0997703776283461,0.0993201908655566,0.09923010375941056,0.09922723246889868,0.09922717545362708,0.09922717307442444,0.09922715726225508,0.09922698447417772,0.09922537664139928,0.09921315324315177,0.09913993065925122,0.09878581191579518,0.09779490972308588
1.0,1.0,2.0,8.0,0.0,0.0,0.21202735604982395,0.21195285587310458,0.21187463696882783,0.21179254548890672,0.21170642119561822,0.21161609716919308,0.21152139949968493,0.2114221469620824,0.21131815067354837,0.21120921373159404,0.21109513083187148,0.21097568786418297,0.2108506614851788,0.21071981866606684,0.2105829162135447,0.21043970026197256,0.2102899057346485,0.21013325577183745,0.2099694611229977,0.20979821950041058,0.20961921489111748,0.2094321168238264,0.2092365795870467,0.2090322413943976,0.20881872349257846,0.20859562920702313,0.20836254291974407,0.20811902897328052,0.20786463049395087,0.20759886812690811,0.20732123867458793,0.2070312136291864,0.20672823758866446,0.20641172654454445,0.20608106602826362,0.20573560910121128,0.2053746741716561,0.20499754261955164,0.20460345620766687,0.20419161425452398,0.2037611705411906,0.20331122991997358,0.20284084458835777,0.2023490099860645,0.2018346602665936,0.2012966632870028,0.2007338150505882,0.2001448335263251,0.19952835175604905,0.19888291014485265,0.19820694781148168,0.19749879285295197,0.19675665135002504,0.19597859490658215,0.19516254647452996,0.19430626416475266,0.19340732268102084,0.19246309193428743,0.19147071229468285,0.190427065811761,0.18932874257177365,0.18817200115296492,0.18695272187080375,0.18566635115409502,0.18430783493124678,0.18287153829380798,0.1813511478857872,0.17973955236373904,0.17802869477307026,0.1762093886346151,0.1742710867144734,0.17220158756383414,0.16998665958515277,0.16760955518830345,0.1650503782900186,0.16228525755995685,0.1592852688371169,0.1560150550794441,0.15243114799156637,0.14848020397810496,0.1440980336454602,0.13921213068042604,0.1337538984042786,0.1276982336167068,0.12114240882016658,0.11438676517104024,0.10807294588294333,0.10290661880995106,0.09985978259520163,0.09924710093120806,0.09922756936011758,0.09922718202680626,0.09922717295563474,0.09922715467436885,0.09922696162533391,0.09922521492746238,0.0992123034410256,0.09913698799712348,0.09878105191151045,0.09779555952304603
1.0,1.0,2.0,9.0,0.0,0.0,0.2120297789080425,0.21196024776181008,0.21188725467325217,0.2118106569541797,0.21173030603357126,0.21164604719190877,0.2115577192814953,0.2114651544318737,0.21136817773936184,0.21126660693967508,0.21116025206250919,0.2110489150668501,0.21093238945571444,0.21081045986886993,0.21068290165199316,0.21054948040058577,0.21040995147679764,0.21026405949717938,0.2101115377891715,0.209952107813961,0.2097854785531017,0.20961134585604768,0.20942939174548866,0.20923928367704436,0.20904067374955562,0.20883319786182467,0.20861647481120102,0.208390105328981,0.2081536710469806,0.20790673338909427,0.20764883238091542,0.2073794853697503,0.20709818564643695,0.20680440095940822,0.2064975719102819,0.20617711021893384,0.20584239684455738,0.20549277994745374,0.2051275726743508,0.20474605074775487,0.20434744983723918,0.2039309626874708,0.20349573597426773,0.20304086685582912,0.2025653991814051,0.2020683193140104,0.20154855151705603,0.20100495284682654,0.20043630748332186,0.19984132042073344,0.1992186104253844,0.19856670215279737,0.1978840172960572,0.19716886461395797,0.19641942865860598,0.19563375698682134,0.19480974559618808,0.19394512227273364,0.19303742747015548,0.19208399225640954,0.1910819127574668,0.19002802039338385,0.18891884702969208,0.18775058394536204,0.1865190332307777,0.18521954985261402,0.18384697212589815,0.18239553767294825,0.18085878106292308,0.1792294081275572,0.17749914031558134,0.17565852020748962,0.17369666622278546,0.17160096028749225,0.16935664637772604,0.16694630997660115,0.1643491983718012,0.16154033025393572,0.15848933471512008,0.15515896973105706,0.15150334520656716,0.14746614759014315,0.14297998764322398,0.13797047869586315,0.1323740526645939,0.12618905046305867,0.11960385906619608,0.1131021442870992,0.10747117978959925,0.10333964957033039,0.10047517571273887,0.09932293479291487,0.09922924001512373,0.09922719233214555,0.0992269376133284,0.09922504476926605,0.09921143646780596,0.09913407042816247,0.0987764253615914,0.09779604693294686
1.0,1.0,2.0,10.0,0.0,0.0,0.21203204745337556,0.21196716851662703,0.21189906708661874,0.21182761082000537,0.21175266195549114,0.21167407707229696,0.21159170683613623,0.2115053957319162,0.21141498178232263,0.21132029625139098,0.2112211633320824,0.21111739981681243,0.2110088147497973,0.21089520905998307,0.21077637517323042,0.21065209660231254,0.21052214751314474,0.21038629226555744,0.2102442849267583,0.2100958687554515,0.20994077565442246,0.2097787255891896,0.20960942597006943,0.20943257099480392,0.2092478409485655,0.20905490145788275,0.20885340269466782,0.2086429785261329,0.208423245605963,0.20819380240160604,0.2079542281520027,0.20770408174946123,0.2074429005386579,0.20717019902499131,0.20688546748357553,0.20658817045916994,0.20627774514615055,0.20595359963633045,0.20561511102087537,0.20526162333083475,0.20489244529881617,0.2045068479219533,0.2041040618037109,0.20368327424888286,0.20324362608257168,0.2027842081596794,0.20230405752648736,0.20180215319010836,0.20127741144470468,0.20072868069525623,0.20015473571004688,0.19955427122149574,0.19892589478124095,0.19826811875879474,0.19757935135314764,0.19685788646238978,0.19610189222691127,0.19530939802545091,0.19447827965865946,0.19360624239950808,0.1926908015209576,0.19172925982487676,0.19071868158714544,0.1896558621953419,0.18853729257816457,0.18735911729734173,0.18611708487612746,0.18480648855022402,0.18342209511450153,0.18195805885687544,0.18040781665527883,0.17876395907455583,0.17701807060942765,0.17516052989628877,0.17318025750639046,0.17106439448734131,0.1687978886855609,0.16636295754239494,0.16373838514327999,0.1608985983195081,0.1578124551399074,0.1544416822141394,0.15073895555456548,0.1466458536630208,0.14209164549940995,0.1369960355917418,0.13128499866683235,0.12493876604716497,0.11812113322819895,0.11140474033852493,0.1057615254855338,0.10229433017537731,0.10047213304815386,0.09944804334750199,0.0992341010189507,0.09922501089503381,0.09921055945805296,0.09913117262593409,0.09877189728170437,0.0977964190845672
1.0,1.0,2.0,11.0,0.0,0.0,0.21203416725202595,0.21197363515855547,0.21191010338743446,0.21184344916315906,0.21177354471758325,0.2117002570700958,0.2116234477966427,0.21154297278691228,0.2114586819889492,0.21137041914041932,0.21127802148567368,0.2111813194777004,0.2110801364639854,0.21097428835521567,0.21086358327568516,0.21074782119416494,0.2106267935338807,0.21050028276015792,0.2103680619441523,0.21022989430093625,0.21008553270008215,0.20993471914671424,0.2097771842307838,0.20961264654217307,0.20944081204894777,0.20926137343586662,0.20907400939995782,0.20887838389965416,0.2086741453536427,0.20846092578517483,0.20823833990715432,0.20800598414282961,0.20776343557633625,0.2075102508267479,0.2072459648385443,0.2069700895806354,0.20668211264514372,0.20638149573614714,0.20606767303736534,0.2057400494464493,0.20539799866201253,0.20504086110771266,0.20466794167573812,0.20427850726962907,0.20387178412370244,0.20344695487317038,0.2030031553453703,0.20253947103827086,0.20205493324737112,0.2015485147962277,0.20101912531892308,0.20046560603452107,0.19988672394383789,0.19928116536717486,0.19864752872776517,0.19798431646887107,0.19728992597229023,0.19656263932141568,0.1958006117220985,0.19500185835784917,0.19416423941073047,0.1932854429233099,0.1923629651072852,0.19139408761696503,0.19037585119546346,0.18930502496139073,0.18817807042462095,0.18699109908891343,0.18573982219948515,0.1844194908015447,0.18302482375854012,0.1815499206906931,0.1799881558710326,0.17833204786655668,0.17657309800720716,0.17470158842143388,0.1727063271352094,0.17057432323182792,0.16829036883409051,0.16583649612086523,0.16319126620886037,0.16032883264546388,0.1572177080708155,0.15381915876902963,0.15008519181222485,0.14595628394777901,0.1413596171551385,0.1362103390168829,0.1304236024382946,0.12395617089925326,0.11691192633224323,0.1097974667974525,0.10368810709598032,0.1000201648392414,0.09925269930027042,0.09922519763178775,0.0992096742062984,0.0991282949813381,0.09876746581758584,0.09779668092989427
1.0,1.0,2.0,12.0,0.0,0.0,0.21203607599381197,0.21197945754565872,0.21192003888400604,0.2118577057265439,0.21179233917014542,0.21172381548957828,0.21165200592616282,0.21157677646578163,0.2114979876055907,0.21141549410875393,0.21132914474644116,0.2112387820263081,0.21114424190658598,0.21104535349485543,0.21094193873051453,0.2108338120498488,0.21072078003254044,0.2106026410283682,0.21047918476269756,0.21035019191931503,0.2102154336989638,0.21007467135185004,0.20992765568220392,0.2097741265228088,0.20961381217725006,0.20944642882738898,0.20927167990334813,0.20908925541303985,0.20889883122798322,0.20870006832179927,0.20849261195746194,0.20827609081893037,0.2080501160823747,0.20781428042165512,0.20756815694218822,0.207311298036627,0.20704323415510956,0.20676347248195565,0.2064714955097532,0.2061667595007397,0.205848692824101,0.205516694156459,0.2051701305311974,0.20480833522041736,0.20443060543122615,0.2040361997955667,0.20362433563000548,0.2031941859385297,0.20274487612762926,0.20227548039839424,0.20178501777508687,0.20127244772347733,0.20073666530485412,0.2001764958029592,0.19959068875076263,0.19897791127160702,0.19833674063447052,0.19766565590520435,0.19696302855399905,0.19622711185303485,0.19545602886613359,0.19464775879271157,0.19380012137956365,0.1929107590533399,0.19197711635077586,0.1909964161283505,0.1899656319122749,0.18888145559565356,0.18774025949183915,0.18653805149690278,0.18527042178011544,0.18393247898198098,0.18251877331671235,0.18102320319657,0.1794389009439432,0.17775809172655613,0.1759719178904821,0.1740702181615994,0.17204124744436372,0.1698713177775924,0.1675443339473675,0.16504118791474046,0.16233896479144266,0.15940990200706903,0.15622004194759642,0.1527275569302976,0.1488808932483008,0.14461742163353805,0.1398649490932469,0.13455244893851895,0.12864384831335463,0.12222889136028003,0.1156235230146182,0.10943154981248274,0.10437208484507352,0.10076293553697616,0.09932337390507576,0.09912790329693051,0.09876322606625848,0.09779679132489097
1.0,1.0,2.0,13.0,0.0,0.0,0.2120378700969724,0.21198493003856644,0.2119293766689053,0.21187110362837885,0.21181000028060712,0.21174595152806824,0.21167883761867323,0.2116085339427525,0.21153491081990342,0.21145783327506215,0.21137716080317293,0.21129274712174698,0.21120443991054777,0.2111120805376132,0.2110155037707228,0.21091453747338323,0.21080900228431676,0.2106987112793483,0.21058346961451926,0.21046307414914214,0.2103373130473978,0.2102059653569835,0.21006880056316676,0.20992557811646317,0.20977604693200236,0.20961994485846874,0.20945699811431434,0.20928692068870694,0.20910941370447034,0.2089241647399759,0.20873084710667175,0.20852911907858307,0.20831862306977766,0.20809898475533903,0.2078698121309571,0.20763069450570482,0.2073812014219839,0.20712088149596264,0.2068492611710721,0.2065658433762665,0.20627010607981572,0.20596150072824354,0.2056394505588222,0.20530334877254935,0.20495255655291472,0.2045864009138482,0.20420417235805227,0.20380512232440945,0.20338846040020286,0.20295335127049904,0.20249891137305215,0.20202420522244935,0.20152824136175582,0.20100996789348835,0.20046826753415595,0.1999019521275762,0.19930975654146227,0.1986903318589073,0.19804223776100857,0.19736393397822877,0.19665377066561243,0.19590997752946276,0.19513065149955275,0.194313742699599,0.19345703841758866,0.1925581447139815,0.1916144652261244,0.1906231766269244,0.18958120006854035,0.1884851677793245,0.18733138377311886,0.1861157773588362,0.18483384778394463,0.18348059787848137,0.18205045394571193,0.1805371683136978,0.17893369983730278,0.1772320661065377,0.17542315900991068,0.17349651238753494,0.17144000646457888,0.16923948814963974,0.166878278593099,0.16433652916077698,0.16159037431432066,0.15861081721582854,0.15536228090639947,0.15180079616524758,0.14787197207648412,0.14350947181469847,0.13863643724475838,0.13317727477223637,0.1270960143093104,0.12050160089008344,0.1138416796238016,0.10791591984684623,0.10369189141781726,0.10091741556163046,0.09907578932966071,0.09781375249574972
1.0,1.0,2.0,14.0,0.0,0.0,0.21203955428777074,0.21199006707473259,0.2119381414437457,0.21188367841473438,0.21182657504860136,0.21176672427827384,0.21170401473158182,0.21163833054550782,0.21156955117129925,0.21149755116991373,0.21142219999722883,0.21134336177839047,0.21126089507064813,0.21117465261397114,0.21108448106867972,0.21099022073927337,0.21089170528357817,0.21078876140626032,0.21068120853567796,0.21056885848296966,0.21045151508217116,0.21032897381007876,0.21020102138442928,0.2100674353389008,0.20992798357324713,0.20978242387678636,0.2096305034232602,0.2094719582349401,0.20930651261362654,0.20913387853599166,0.20895375501047012,0.20876582739261412,0.20856976665555516,0.20836522861185233,0.20815185308266074,0.20792926300968725,0.2076970635049864,0.20745484083305574,0.20720216131913896,0.20693857017693973,0.20666359024819225,0.20637672064566182,0.2060774352901699,0.20576518133110422,0.20543937743858537,0.2050994119540269,0.2047446408840744,0.2043743857210625,0.2039879310708008,0.20358452206598168,0.2031633615404911,0.20272360693640146,0.20226436691137997,0.2017846976094922,0.20128359855277808,0.20076000810442382,0.200212798446548,0.19964077000640532,0.19904264525379958,0.19841706177935395,0.1977625645474441,0.1970775971985594,0.19636049225270824,0.1956094600373029,0.19482257612850096,0.1939977670524964,0.19313279394074043,0.19222523376766285,0.19127245771758095,0.19027160612423938,0.18921955929545214,0.1881129033679739,0.18694789012229535,0.1857203894076498,0.1844258324622301,0.18305914393199824,0.18161465975110172,0.18008602718800093,0.17846608219907836,0.17674669764509793,0.1749185937428094,0.17297109909891725,0.1708918464612821,0.16866638145179927,0.16627765441888528,0.16370535453916288,0.1609250311786336,0.15790693186273705,0.15461447661082695,0.1510023108795434,0.14701401447054646,0.14258002853121038,0.13761783531778995,0.13204085706004498,0.12579302029680922,0.11894235893085736,0.11190799144281705,0.10559552910082426,0.10108221126310485,0.09823503557385613
1.0,1.0,2.0,15.0,0.0,0.0,0.21204110639310103,0.2119948010113834,0.211946217760999,0.21189526439811482,0.2118418450069141,0.21178585984432963,0.2117272051773802,0.21166577311270438,0.21160145141783687,0.21153412333376154,0.2114636673782374,0.21138995713934494,0.21131286105867866,0.21123224220356532,0.2111479580276342,0.21105986011902228,0.21096779393544604,0.2108715985253071,0.2107711062339339,0.21066614239400164,0.21055652499907854,0.21044206435918839,0.2103225627371484,0.21019781396439324,0.21006760303482724,0.20993170567517533,0.20978988789012845,0.20964190548046474,0.2094875035321329,0.2093264158741248,0.20915836450275796,0.20898305896975072,0.20880019573124747,0.20860945745465226,0.2084105122798478,0.20820301303098912,0.2079865963747335,0.20776088192027484,0.20752547125611334,0.2072799469179174,0.20702387128122743,0.20675678537204994,0.2064782075876134,0.20618763231864956,0.20588452846354466,0.20556833782357886,0.20523847336708162,0.20489431734890587,0.2045352192697899,0.20416049365823796,0.20376941765522338,0.20336122837932327,0.20293512004680986,0.20249024081760883,0.20202568933380102,0.20154051091242065,0.20103369334847088,0.20050416227723997,0.19995077603687475,0.19937231996254412,0.1987675000319869,0.1981349357684932,0.19747315229076443,0.19678057137904395,0.19605550140260336,0.19529612592393158,0.19450049075856135,0.19366648922451174,0.1927918452596039,0.1918740940153297,0.1909105594486204,0.18989832832248102,0.1888342198859312,0.1877147503235596,0.18653609083231273,0.18529401788008565,0.18398385380274582,0.18260039536912942,0.1811378272389502,0.17958961628810763,0.1779483814815171,0.17620573219474553,0.17435206541956738,0.17237630884383418,0.17026559195974675,0.16800482056125576,0.16557612052819784,0.1629581039591601,0.16012489446472034,0.1570448315355903,0.1536787685485052,0.14997792589004216,0.14588147641350327,0.14131478540752068,0.1361911006623185,0.13042261356559565,0.12395351129965831,0.1167686654632279,0.10878709533063252,0.10016809622957362
1.0,1.0,2.0,16.0,0.0,0.0,0.21204253523016467,0.21199915879526074,0.21195365176428677,0.21190592803731312,0.21185589810149452,0.2118034688879243,0.21174854362176174,0.21169102166526968,0.21163079835334891,0.21156776482116224,0.21150180782339248,0.21143280954464677,0.21136064740049745,0.21128519382860356,0.2112063160693247,0.21112387593518156,0.21103772956850092,0.21094772718648305,0.21085371281293988,0.210755523995813,0.2106529915095953,0.21054593904164656,0.21043418286133683,0.21031753147088245,0.21019578523660076,0.21006873599925852,0.20993616666202553,0.20979785075445623,0.20965355197075003,0.20950302368042298,0.20934600840931464,0.20918223728870594,0.209011429470067,0.20883329150276744,0.20864751667180206,0.20845378429227748,0.2082517589571317,0.20804108973414062,0.20782140930791326,0.20759233306208133,0.2073534580964168,0.20710436217300054,0.20684460258494758,0.20657371494043855,0.2062912118539802,0.20599658153588427,0.20568928626984528,0.2053687607673018,0.20503441038583722,0.20468560919725198,0.20432169788909763,0.20394198148130807,0.20354572683706215,0.20313215994416853,0.20270046293986416,0.20224977084802676,0.2017791679932186,0.2012876840505467,0.20077428968400904,0.20023789171841477,0.19967732778103509,0.1990913603384233,0.19847867004103972,0.19783784827285286,0.1971673887844204,0.19646567826522252,0.19573098568327246,0.1949614501858832,0.19415506731332755,0.19330967322463335,0.19242292656917492,0.19149228755495792,0.1905149936595237,0.18948803129512115,0.18840810256662238,0.1872715860354095,0.18607449010673177,0.18481239726587145,0.183480396862868,0.18207300343300126,0.18058405656226575,0.17900659694678522,0.17733271137556994,0.17555333661461378,0.17365800815850954,0.17163453385578814,0.16946856337538266,0.1671430104542626,0.16463726252200458,0.16192607560759864,0.1589779899195211,0.1557529897529361,0.15219891779957095,0.14824570348314497,0.1437953561391315,0.13870234943637447,0.13272684589331532,0.1253864305996671,0.11544807181139102,0.10189293901581742
1.0,1.0,2.0,17.0,0.0,0.0,0.21204387971358418,0.21200325918826518,0.2119606462935775,0.2119159606650947,0.21186911876496745,0.21182003374978228,0.2117686153322785,0.21171476963658942,0.21165839904666411,0.21159940204747407,0.21153767305861487,0.21147310225986174,0.21140557540821484,0.21133497364595705,0.2112611732991706,0.21118404566617083,0.21110345679522455,0.21101926725092612,0.21093133186851137,0.21083949949535657,0.21074361271886868,0.21064350757986636,0.21053901327053112,0.2104299518158898,0.21031613773774854,0.21019737769986077,0.2100734701330569,0.2099442048389274,0.2098093625705349,0.2096687145884987,0.20952202219065047,0.20936903621330175,0.209209496501962,0.2090431313491713,0.2088696568968751,0.2086887765005257,0.20850018005180837,0.20830354325659922,0.20809852686439265,0.20788477584508142,0.20766191850848756,0.2074295655616089,0.20718730909794347,0.20693472151265932,0.206671354336655,0.20639673698175726,0.20611037538837387,0.20581175056590173,0.20550031701496263,0.2051755010191978,0.20483669879275723,0.20448327446782164,0.20411455790437405,0.2037298423020409,0.20332838159094524,0.2029093875752535,0.2024720267991947,0.2020154171008204,0.2015386238133723,0.20104065556780756,0.20052045964246956,0.19997691679686633,0.19940883551574703,0.19881494557659346,0.19819389083790187,0.19754422112642822,0.19686438307804394,0.1961527097579444,0.19540740885007526,0.19462654916097996,0.1938080451270942,0.19294963894357145,0.1920488798421327,0.1911030999290397,0.1901093858431702,0.18906454529616362,0.18796506729428317,0.18680707449026435,0.18558626563662745,0.18429784545641592,0.1829364383323057,0.18149598091698302,0.17996958689270215,0.1783493743448905,0.17662624205127306,0.17478957455551952,0.17282684567188777,0.1707230732914804,0.16846004979978488,0.16601522168022742,0.1633599971800326,0.16045707354306302,0.15725597790438897,0.15368509930048724,0.14963614605992637,0.14493015598276165,0.1392309907169357,0.13177776855398426,0.12047561350591125,0.10319343335834158
1.0,1.0,2.0,18.0,0.0,0.0,0.21204514289480766,0.21200711150778542,0.21196721727749118,0.21192538517996384,0.21188153723826417,0.21183559240022065,0.2117874664105432,0.2117370716770015,0.21168431713035746,0.21162910807769136,0.21157134604876948,0.21151092863505297,0.2114477493209279,0.2113816973067256,0.21131265732303042,0.21124050943578787,0.21116512884163866,0.21108638565291546,0.21100414467165043,0.21091826515191417,0.21082860054977226,0.21073499826004446,0.21063729933903944,0.21053533821232703,0.21042894236657733,0.21031793202436821,0.21020211980081782,0.21008131034077407,0.2099552999351892,0.20982387611518913,0.20968681722221752,0.20954389195249373,0.2093948588738381,0.20923946591276607,0.20907744980953713,0.20890853553862576,0.2087324356918242,0.20854884982092442,0.2083574637365924,0.20815794875973034,0.20794996092117907,0.20773314010522578,0.20750710913183273,0.20727147277196317,0.20702581668972606,0.20676970630433122,0.20650268556400175,0.20622427562305876,0.205933973412271,0.20563125009132924,0.20531554937083898,0.2049862856895668,0.20464284223071308,0.20428456875876289,0.20391077925578707,0.203520749333024,0.20311371338991374,0.2026888614885169,0.20224533590614815,0.2017822273230644,0.20129857059484305,0.20079334005044144,0.20026544424656423,0.19971372009630872,0.1991369262747337,0.19853373578518527,0.19790272754700947,0.19724237683657733,0.19655104437765059,0.19582696383208184,0.1950682273847285,0.19427276904370805,0.1934383451833726,0.1925625117357786,0.19164259727696525,0.19067567104324018,0.18965850462996375,0.18858752574238974,0.18745876184252097,0.18626777080474682,0.18500955466008795,0.1836784510256616,0.1822679946474133,0.18077073824995737,0.17917801695691613,0.17747963284263718,0.17566342380924668,0.17371466050343742,0.17161517985925273,0.1693421011114278,0.16686585266747295,0.1641470058178782,0.16113091989335154,0.1577380772467435,0.15384513242115694,0.14924348316543234,0.1435343087882437,0.1358046816521828,0.12350840519568096,0.10395600045099992
1.0,1.0,2.0,19.0,0.0,0.0,0.21204627657012412,0.21201056869701418,0.21197311371480676,0.21193384128285206,0.2118926782945824,0.2118495487630644,0.21180437370128913,0.2117570709968959,0.21170755528104432,0.21165573779110286,0.21160152622679987,0.21154482459948604,0.21148553307410656,0.211423547803447,0.21135876075422824,0.21129105952453198,0.21122032715207956,0.21114644191275814,0.2110692771088316,0.2109887008461779,0.21090457579984448,0.21081675896719418,0.21072510140781583,0.2106294479693275,0.2105296369981223,0.21042550003404925,0.2103168614878766,0.21020353830037214,0.2100853395816566,0.2099620662294053,0.2098335105243379,0.2096994557012926,0.20955967549401866,0.20941393365162653,0.2092619834244914,0.20910356701711524,0.20893841500524296,0.20876624571426403,0.20858676455557643,0.2083996633172858,0.20820461940516904,0.20800129502944958,0.20778933633234295,0.20756837245084114,0.20733801450848913,0.20709785452919868,0.20684746426527062,0.20658639393083966,0.20631417083082698,0.20603029787419147,0.20573425195877176,0.20542548221330956,0.20510340808019126,0.2047674172201288,0.2044168632172401,0.20405106305975845,0.20366929436782094,0.20327079233523715,0.20285474634684716,0.20242029622666433,0.2019665280643572,0.20149246955845673,0.20099708480352246,0.2004792684350058,0.19993783902905163,0.19937153163418703,0.19877898928681376,0.19815875333129807,0.19750925232649455,0.19682878927150899,0.19611552682126204,0.19536747008287753,0.19458244648135128,0.1937580820496334,0.192891773323233,0.191980653787471,0.19102155351460456,0.19001095020665432,0.18894490928125135,0.18781900983296818,0.18662825216591516,0.18536694096223122,0.1840285357682449,0.18260545693060604,0.18108882971148715,0.179468140885721,0.1777307686205912,0.17586132412881023,0.1738407054071182,0.17164469535160037,0.16924180951650292,0.16658984804710755,0.16363007736639004,0.16027675705876987,0.15639666458566123,0.1517644554360795,0.14594976819470196,0.1379686516835773,0.1250728672759232,0.10434317411952662
1.0,1.0,2.0,20.0,0.0,0.0,0.2120473437331043,0.21201382296457524,0.21197866376853014,0.21194180013536618,0.2119031634579935,0.21186268242404785,0.21182028290308877,0.2117758878285552,0.21172941707414347,0.21168078732431514,0.21162991193860622,0.2115767008093772,0.21152106021261774,0.2114628926514137,0.2114020966916193,0.21133856678928667,0.2112721931093341,0.2112028613349101,0.21113045246689952,0.21105484261288066,0.21097590276494224,0.21089349856553766,0.21080749006065932,0.2107177314394336,0.21062407075921716,0.2105263496551897,0.21042440303336346,0.21031805874577741,0.21020713724662893,0.21009145122788495,0.20997080523286077,0.20984499524604705,0.20971380825734912,0.20957702179870688,0.2094344034508384,0.209285710317685,0.20913068846580413,0.20896907232575399,0.20880058405212534,0.20862493283855965,0.20844181418368457,0.20825090910340083,0.20805188328449697,0.20784438617390386,0.20762804999728368,0.20740248869985065,0.2071672968014306,0.20692204815677434,0.20666629461094502,0.20639956453828084,0.20612136125184083,0.2058311612684649,0.20552841241241998,0.20521253173820256,0.20488290325009992,0.2045388753927769,0.20417975828310114,0.2038048206486706,0.20341328643283285,0.20300433101925555,0.20257707702096234,0.20213058956896743,0.20166387102385902,0.20117585501921606,0.2006653997282003,0.20013128022298757,0.19957217976995834,0.19898667987029378,0.19837324881393592,0.19773022846239655,0.19705581890922957,0.19634806058176352,0.19560481323780435,0.19482373116812057,0.1940022337279644,0.1931374700723255,0.19222627663655512,0.1912651254528107,0.19025006077363787,0.18917662061322132,0.18803973860217948,0.1868336198102546,0.1855515816498462,0.18418584719210085,0.18272727247836137,0.1811649804566341,0.17948585984634824,0.17767386359728538,0.17570900121898997,0.17356584740053405,0.17121125534223458,0.1686006990573245,0.1656721122353702,0.16233481876303424,0.1584479307448841,0.15377332325469079,0.14785680096904302,0.13966093921174963,0.12628586188088023,0.10464245012957586
1.0,1.0,2.0,21.0,0.0,0.0,0.2120483462844478,0.2120168801098031,0.2119838773395608,0.21194927595229882,0.21191301147938174,0.21187501690269123,0.21183522254753712,0.21179355597052685,0.2117499418420636,0.21170430182318592,0.2116565544364258,0.21160661493032956,0.21155439513726068,0.21149980332409618,0.2114427440353648,0.21138311792838177,0.21132082159986615,0.21125574740349945,0.21118778325787518,0.2111168124441478,0.21104271339279176,0.2109653594586458,0.2108846186835231,0.21080035354548438,0.21071242069384752,0.21062067066892148,0.21052494760537324,0.21042508891798242,0.21032092496851817,0.21021227871226006,0.21009896532262368,0.20998079179214146,0.2098575565079242,0.20972904879952697,0.20959504845691,0.20945532521600896,0.20930963820908804,0.20915773537683324,0.2089993528387403,0.2088342142180186,0.20866202991680538,0.20848249633696275,0.20829529504124947,0.2081000918489612,0.20789653585948306,0.20768425839635846,0.20746287186354048,0.20723196850444583,0.20699111905316953,0.2067398712658267,0.20647774831830387,0.20620424705482338,0.20591883606944272,0.205620953600067,0.20531000521141485,0.20498536123984554,0.2046463539686631,0.20429227449748646,0.20392236926326593,0.20353583616339854,0.20313182022277618,0.20270940873624416,0.20226762580548094,0.20180542617400826,0.20132168824548943,0.2008152061475653,0.2002846806752251,0.19972870891258243,0.19914577228795013,0.19853422276178537,0.19789226677685207,0.19721794651025334,0.19650911785143796,0.19576342438015912,0.19497826642151528,0.19415076399459247,0.19327771212238293,0.19235552649857693,0.19138017685971362,0.19034710451245362,0.1892511191988839,0.18808626866829883,0.18684567167873942,0.18552130121980692,0.1841036987760672,0.1825815911575988,0.18094136656641907,0.1791663420711864,0.17723571283222794,0.17512299903985548,0.1727936678873051,0.1702013346699501,0.16728137144035546,0.1639394357771386,0.16002910273198984,0.15530319516838403,0.14929079558438257,0.14091696592789674,0.12717564575186058,0.1048610852285212
1.0,1.0,2.0,22.0,0.0,0.0,0.21204922473147214,0.21201955865841832,0.21198844475124806,0.21195582431099216,0.21192163630643446,0.21188581727528588,0.2118483012206256,0.21180901950233727,0.2117679007232454,0.2117248706096532,0.21167985188593316,0.2116327641428333,0.21158352369909705,0.21153204345601267,0.21147823274441815,0.21142199716371884,0.21136323841238458,0.21130185410937727,0.21123773760593123,0.21117077778701715,0.21110085886180716,0.2110278601423994,0.21095165580995795,0.21087211466739578,0.2107890998776475,0.21070246868646342,0.21061207212858934,0.21051775471610593,0.21041935410752266,0.21031670075619435,0.21020961753638423,0.21009791934521838,0.20998141267854495,0.20985989517857473,0.20973315515087448,0.20960097104815825,0.2094631109179197,0.20931933181074164,0.2091693791457036,0.20901298602895485,0.20884987252106835,0.20867974484826207,0.2085022945520298,0.20831719757110062,0.20812411324881214,0.20792268325824537,0.20771253043642732,0.20749325751781672,0.20726444575601227,0.20702565342111043,0.20677641415848397,0.20651623519267165,0.20624459535784903,0.2059609429335541,0.20566469326122813,0.2053552261133574,0.20503188278261858,0.20469396285317373,0.20434072061012354,0.20397136103564037,0.20358503533145209,0.20318083589670424,0.20275779067719843,0.20231485678638297,0.20185091327921972,0.20136475293650197,0.20085507288807455,0.2003204638672404,0.1997593978434319,0.1991702137233062,0.19855110073830054,0.19790007904455162,0.19721497694251078,0.1964934039695816,0.19573271891728763,0.19492999155742186,0.19408195650433674,0.1931849571571894,0.19223487700376657,0.19122705464809223,0.19015617762858938,0.1890161482386244,0.1877999118580866,0.18649923428752477,0.1851044084761774,0.18360386154503702,0.18198361783551342,0.18022654870565713,0.17831129709573604,0.17621068896524367,0.17388930219617404,0.17129958468202122,0.16837532574125996,0.16501994174899304,0.16108363753869887,0.15631371335806846,0.15022896603660088,0.14173113735448592,0.12774792495617796,0.10500133394333062
1.0,1.0,2.0,23.0,0.0,0.0,0.21205004287258783,0.21202205325491896,0.2119926982683907,0.21196192222340968,0.21192966719713147,0.2118958729372608,0.21186047676113304,0.2118234134498136,0.21178461513691002,0.2117440111917733,0.21170152809677265,0.211657089318256,0.21161061517082316,0.21156202267446916,0.21151122540418138,0.21145813333146488,0.21140265265729188,0.21134468563591155,0.2112841303888911,0.21122088070874093,0.21115482585141077,0.2110858503168503,0.2110138336168424,0.21093865002914075,0.21086016833696197,0.21077825155271357,0.2106927566248091,0.21060353412626628,0.21051042792367572,0.21041327482502287,0.21031190420466747,0.2102061376036193,0.21009578830311196,0.20998066086920245,0.20986055066597925,0.20973524333462848,0.2096045142353826,0.20946812784902172,0.20932583713425337,0.2091773828368921,0.20902249274627016,0.20886088089384386,0.20869224668831704,0.2085162739809623,0.20833263005405148,0.20814096452442132,0.20794090815319055,0.20773207155154455,0.2075140437711101,0.20728639076596223,0.20704865371152265,0.2068003471635621,0.20654095703811534,0.2062699383903469,0.2059867129671447,0.2056906665043211,0.2053811457348739,0.20505745506928563,0.20471885290254702,0.20436454749495173,0.20399369236461998,0.20360538111870374,0.20319864163705062,0.20277242950592492,0.2023256205797851,0.2018570025249919,0.2013652651694915,0.2008489894456041,0.200306634666805,0.19973652382123122,0.19913682649103034,0.19850553891258194,0.19784046057167812,0.19713916657056457,0.19639897479806015,0.19561690666163162,0.19478963977625235,0.19391345051238962,0.19298414363103059,0.19199696529739077,0.19094649444610692,0.18982650558265074,0.1886297933547202,0.18734794513991157,0.18597104168985798,0.184487256217237,0.18288230688158114,0.1811386921949018,0.17923459544276496,0.17714226701043673,0.17482554960114957,0.1722359277339665,0.16930588534703905,0.16593698914910734,0.16197665746608458,0.1571676115911925,0.15102009125389027,0.14241637638326865,0.12822882605969718,0.1051191271858381
1.0,1.0,3.0,0.0,0.0,0.0,0.2120508002265158,0.2120243624314231,0.21199663538673152,0.21196756609673983,0.2119370994154072,0.21190517795194322,0.2118717419716568,0.21183672929179365,0.21180007517204846,0.21176171219942128,0.211721570167092,0.21167957594691536,0.2116356533551526,0.21158972301098491,0.21154170218737817,0.21149150465376038,0.21143904050999032,0.21138421601103663,0.21132693338171946,0.21126709062084648,0.21120458129400707,0.21113929431419418,0.21107111370943424,0.21099991837642731,0.21092558181921586,0.21084797187172832,0.21076695040300947,0.21068237300379264,0.2105940886529552,0.21050193936228953,0.21040575979784026,0.2103053768758855,0.2102006093315003,0.2100912672573573,0.20997715161027014,0.20985805368264365,0.20973375453576137,0.20960402439147835,0.20946862197853167,0.2093272938292675,0.20917977352207853,0.20902578086436768,0.20886502101019452,0.20869718350610225,0.20852194125783646,0.20833894940975975,0.2081478441277306,0.20794824127509134,0.20773973496998252,0.20752189601068902,0.20729427015389948,0.20705637622867057,0.20680770406643217,0.20654771222454313,0.20627582547757642,0.20599143204654233,0.20569388053173895,0.2053824765093462,0.20505647874546296,0.20471509497351245,0.20435747717168426,0.20398271626588194,0.2035898361702404,0.203177787060822,0.2027454377581712,0.20229156706988383,0.20181485391403417,0.20131386600679596,0.20078704685062476,0.20023270070031052,0.1996489751094685,0.19903384056452936,0.19838506659054375,0.19770019355361715,0.19697649917611562,0.19621095850451764,0.19540019570055242,0.19454042552682174,0.19362738171422544,0.19265622844923203,0.19162144988199986,0.19051671064240605,0.1893346775625647,0.1880667886615323,0.1867029491579829,0.18523112449297802,0.18363678470749917,0.18190212874401776,0.1800049732354524,0.17791711210698855,0.17560180748885176,0.17300978503696876,0.17007250115570163,0.16669006493808833,0.16270769250047662,0.15786447068052598,0.15166381233222426,0.14297239827872776,0.1286181655979435,0.10521442139736348
