Ψ[mm] Year,Month,Day,Hour,Minute,Second Znode[mm,-5.0,-15.0,-25.0,-35.0,-45.0,-55.0,-65.0,-75.0,-85.0,-95.0,-105.0,-115.0,-125.0,-135.0,-145.0,-155.0,-165.0,-175.0,-185.0,-195.0,-205.0,-215.0,-225.0,-235.0,-245.0,-255.0,-265.0,-275.0,-285.0,-295.0,-305.0,-315.0,-325.0,-335.0,-345.0,-355.0,-365.0,-375.0,-385.0,-395.0,-405.0,-415.0,-425.0,-435.0,-445.0,-455.0,-465.0,-475.0,-485.0,-495.0,-505.0,-515.0,-525.0,-535.0,-545.0,-555.0,-565.0,-575.0,-585.0,-595.0,-605.0,-615.0,-625.0,-635.0,-645.0,-655.0,-665.0,-675.0,-685.0,-695.0,-705.0,-715.0,-725.0,-735.0,-745.0,-755.0,-765.0,-775.0,-785.0,-795.0,-805.0,-815.0,-825.0,-835.0,-845.0,-855.0,-865.0,-875.0,-885.0,-895.0,-905.0,-915.0,-925.0,-935.0,-945.0,-955.0,-965.0,-975.0,-985.0,-995.0
1.0,1.0,1.0,12.0,0.0,0.0,-751.5541955279955,-754.7609004398448,-758.1719746691834,-761.800581425237,-765.6609879087781,-769.7686882036962,-774.1405434466567,-778.7949422314096,-783.7519848048528,-789.0336953546868,-794.6642676119924,-800.6703501469334,-807.0813791886864,-813.929968640141,-821.252369302463,-829.0890123337656,-837.4851558577593,-846.491658710384,-856.1659119791725,-866.5729678309008,-877.786916957925,-889.8925819769092,-902.987615986655,-917.185125731592,-932.6169811393792,-949.4380330129702,-967.8315469564922,-988.0162875961848,-1010.2558740633648,-1034.871309843547,-1062.2580239714027,-1092.9094411831088,-1127.4501893244965,-1166.683840251293,-1211.6630833410168,-1263.7954076699225,-1325.0065545087473,-1398.0008553497114,-1486.6899955406961,-1596.92837316336,-1737.8379322432338,-1924.3668580065496,-2182.5828174011467,-2560.30119224222,-3149.249234978037,-4149.0011542170105,-6000.476485382795,-8618.169438174838,-9352.240869449,-9581.620588597987,-9902.14417093005,-9997.280801554005,-9999.95011310251,-9999.99909354643,-9999.999983532494,-9999.999999700862,-9999.999999994554,-9999.999999999898,-9999.999999999996,-10000.000000000002,-10000.000000000002,-10000.000000000002,-10000.000000000002,-10000.000000000002,-10000.000000000002,-10000.000000000002,-10000.000000000002,-10000.000000000002,-10000.000000000002,-10000.000000000002,-10000.000000000002,-10000.000000000002,-10000.000000000002,-10000.000000000002,-10000.000000000002,-10000.000000000002,-10000.000000000002,-10000.000000000002,-10000.000000000002,-10000.000000000002,-10000.000000000002,-10000.000000000002,-10000.000000000002,-10000.000000000002,-10000.000000000002,-10000.000000000002,-10000.000000000002,-10000.000000000002,-10000.000000000013,-10000.000000000571,-10000.000000019616,-10000.000000616617,-10000.000018096533,-10000.000488017582,-10000.011851969417,-10000.251888874689,-10004.49040689446,-10063.703064304827,-10766.810628248604,-19167.15566229687
1.0,1.0,1.0,13.0,0.0,0.0,-751.3952021343066,-754.2717209088122,-757.3268936837002,-760.5717477402774,-764.0181845268091,-767.6790712657129,-771.5683446789508,-775.7011287812081,-780.093869062428,-784.764485835965,-789.7325500870089,-795.0194858452558,-800.6488039613185,-806.646373234164,-813.0407361776954,-819.8634784085568,-827.1496627920728,-834.9383422430641,-843.2731686396138,-852.2031199397725,-861.7833736657193,-872.0763629578042,-883.1530621376583,-895.094563207131,-907.9940244708214,-921.9590997376081,-937.1149946530695,-953.6083506559419,-971.6122345350577,-991.3326246050585,-1013.0169522279899,-1036.9655107790022,-1063.5469345407578,-1093.2195644602725,-1126.5615074527957,-1164.31383102168,-1207.4441126852437,-1257.2424350945416,-1315.4708132277606,-1384.604157194131,-1468.2355204778737,-1571.7960854956846,-1703.912665780268,-1878.9939323584804,-2122.3980383646067,-2483.391338594818,-3062.2752886750895,-3932.941591328141,-4935.762271827203,-6650.748482016374,-9216.149120497907,-9978.21810850233,-9999.600385233283,-9999.992738926947,-9999.99986808821,-9999.999997603596,-9999.999999956444,-9999.999999999207,-9999.999999999998,-10000.000000000002,-10000.000000000002,-10000.000000000002,-10000.000000000002,-10000.000000000002,-10000.000000000002,-10000.000000000002,-10000.000000000002,-10000.000000000002,-10000.000000000002,-10000.000000000002,-10000.000000000002,-10000.000000000002,-10000.000000000002,-10000.000000000002,-10000.000000000002,-10000.000000000002,-10000.000000000002,-10000.000000000002,-10000.000000000002,-10000.000000000002,-10000.000000000002,-10000.000000000002,-10000.000000000002,-10000.000000000002,-10000.000000000002,-10000.000000000002,-10000.000000000002,-10000.000000000002,-10000.000000000016,-10000.000000001057,-10000.000000034135,-10000.000001013423,-10000.000028029686,-10000.000710649912,-10000.01618441935,-10000.321680146984,-10005.349187582839,-10070.750317295315,-10797.435451326435,-18965.262165098135
1.0,1.0,1.0,14.0,0.0,0.0,-751.2600512057878,-753.8563042477763,-756.6102766476438,-759.5313492596272,-762.6296102820598,-765.9159254961692,-769.4020173072167,-773.1005539290285,-777.0252502951333,-781.190982572814,-785.6139185124897,-790.3116662999233,-795.3034451124084,-800.610281238314,-806.2552344357297,-812.2636602235062,-818.6635150748909,-825.485713095213,-832.7645448126551,-840.5381713308124,-848.8492104684142,-857.7454358981406,-867.2806160426614,-877.5155270798524,-888.519184540019,-900.3703516299349,-913.1594010144379,-926.9906324104373,-941.985184096423,-958.2847269823467,-976.0562023763063,-995.4979701878317,-1016.8478907628836,-1040.3940996322951,-1066.4895979144421,-1095.5723531096025,-1128.1935273410295,-1165.0579780100504,-1207.0837846407296,-1255.4921619553477,-1311.9475495422746,-1378.7836896847289,-1459.3827945605653,-1558.837520462127,-1685.1680515530188,-1851.7235537530441,-2082.082435227301,-2420.0551498731875,-2954.5410729753858,-3878.4347722548264,-5281.272792746087,-6266.2473271327035,-7550.832237594579,-9440.511156947916,-9984.573231075961,-9999.714391618689,-9999.994760876496,-9999.999903911268,-9999.999998237685,-9999.999999967678,-9999.999999999396,-9999.999999999995,-10000.000000000002,-10000.000000000002,-10000.000000000002,-10000.000000000002,-10000.000000000002,-10000.000000000002,-10000.000000000002,-10000.000000000002,-10000.000000000002,-10000.000000000002,-10000.000000000002,-10000.000000000002,-10000.000000000002,-10000.000000000002,-10000.000000000002,-10000.000000000002,-10000.000000000002,-10000.000000000002,-10000.000000000002,-10000.000000000002,-10000.000000000002,-10000.000000000002,-10000.000000000002,-10000.000000000002,-10000.000000000002,-10000.000000000004,-10000.000000000042,-10000.000000001957,-10000.00000005847,-10000.000001636969,-10000.000042610744,-10000.00101531925,-10000.021699037217,-10000.404089942136,-10006.287381407037,-10077.874811425241,-10826.166059586489,-18792.98587951289
1.0,1.0,1.0,15.0,0.0,0.0,-751.1409500229914,-753.4904786774734,-755.9798646912018,-758.6171427458445,-761.4109247936223,-764.3704544177723,-767.5056676480199,-770.82726116204,-774.3467689627889,-778.0766488121152,-782.0303799302056,-786.2225737473493,-790.6690998304057,-795.3872295160292,-800.3958002841628,-805.7154045228723,-811.3686070995111,-817.3801971038024,-823.7774803180696,-830.5906204676685,-837.8530392029535,-845.6018871860073,-853.8786017680741,-862.7295707743746,-872.2069271753369,-882.3695063528246,-893.2840068787214,-905.0264080814632,-917.6837144347842,-931.3561197848765,-946.1597163288022,-962.2299181017074,-979.7258326631527,-998.8359071986617,-1019.7853113587926,-1042.8457229406458,-1068.3484935521512,-1096.7026561878681,-1128.4200097173175,-1164.150779159323,-1204.7354735769122,-1251.2822356522672,-1305.2855343601063,-1368.8141877925873,-1444.8201431675466,-1537.6665380663749,-1654.070499559522,-1804.871427163399,-2008.5858476697886,-2298.929105617748,-2740.4350605538057,-3466.139974214948,-4768.350328438202,-6713.470500760799,-7654.197165817182,-8516.766919126829,-9704.185512356315,-9992.382471340998,-9999.857643381583,-9999.997358537123,-9999.99995099349,-9999.999999090813,-9999.99999998315,-9999.999999999698,-10000.000000000005,-10000.000000000015,-10000.000000000015,-10000.000000000015,-10000.000000000015,-10000.000000000015,-10000.000000000015,-10000.000000000015,-10000.000000000015,-10000.000000000015,-10000.000000000015,-10000.000000000015,-10000.000000000015,-10000.000000000015,-10000.000000000015,-10000.000000000015,-10000.000000000015,-10000.000000000015,-10000.000000000015,-10000.000000000015,-10000.000000000015,-10000.000000000015,-10000.000000000015,-9999.999999999996,-10000.000000000095,-10000.00000000334,-10000.000000094737,-10000.000002519475,-10000.000062179888,-10000.001402528256,-10000.028325457406,-10000.497541952045,-10007.289590776601,-10085.048336074258,-10853.51000957242,-18641.390267327664
1.0,1.0,1.0,16.0,0.0,0.0,-751.0355898675205,-753.1670739177299,-755.4230993360592,-757.8105948294786,-760.3369646062583,-763.0101309202928,-765.8385814106701,-768.8314218922537,-771.9984353591127,-775.3501480886463,-778.8979038842264,-782.6539476738913,-786.6315198981977,-790.8449633804119,-795.3098446872823,-800.0430923715832,-805.0631549559902,-810.390182092691,-816.0462330429505,-822.0555175015247,-828.4446748901066,-835.243099623809,-842.4833215981951,-850.2014533612122,-858.4377182735533,-867.2370776235698,-876.6499794251221,-886.7332578703772,-897.5512206679907,-909.1769725236453,-921.694037890955,-935.1983663928218,-949.8008322672197,-965.6303782157115,-982.838009238531,-1001.6019212577719,-1022.13416476937,-1044.6894148114648,-1069.5766765949925,-1097.1751531789128,-1127.9561255946714,-1162.5136996433898,-1201.608929820389,-1246.2346403338568,-1297.7131757554694,-1357.8481901434727,-1429.1682036971392,-1515.3320824257476,-1621.8326858431783,-1757.27355312087,-1935.7993182515138,-2182.0449369710614,-2541.8147476816157,-3104.49953012076,-4057.123410868473,-5806.579734458464,-8267.315300078495,-9041.20972325431,-9436.969085884557,-9912.571940295782,-9997.95411289663,-9999.96145982654,-9999.999277292687,-9999.999986448931,-9999.999999745924,-9999.99999999523,-9999.999999999904,-9999.999999999998,-9999.999999999985,-9999.999999999985,-9999.999999999985,-9999.999999999985,-9999.999999999985,-9999.999999999985,-9999.999999999985,-9999.999999999985,-9999.999999999985,-9999.999999999985,-9999.999999999985,-9999.999999999985,-9999.999999999985,-9999.999999999985,-9999.999999999985,-9999.999999999985,-9999.999999999985,-9999.999999999985,-9999.999999999985,-10000.000000000016,-10000.00000000016,-10000.000000005364,-10000.000000146127,-10000.000003716734,-10000.000087570223,-10000.001882089055,-10000.036142037558,-10000.602264995376,-10008.353644776516,-10092.26106017179,-10879.598024758037,-18507.934004693114
1.0,1.0,1.0,17.0,0.0,0.0,-750.9434008023333,-752.8842880602792,-754.9367435442895,-757.1068009637452,-759.4008914077659,-761.8258772918883,-764.3890899559248,-767.0983713893014,-769.9621206336161,-772.9893454987852,-776.1897203313723,-779.5736506952886,-783.1523459695919,-786.9379010410075,-790.9433884763337,-795.182962809663,-799.6719788818789,-804.4271265371981,-809.4665844301956,-814.8101962469509,-820.4796733225248,-826.4988284778458,-832.8938469475638,-839.6936015847684,-846.930021187042,-854.6385228945513,-862.8585223045025,-871.6340384163761,-881.0144150277414,-891.0551860984922,-901.8191203908825,-913.37749107722,-925.8116299903611,-939.2148452242604,-953.6948069955222,-969.3765432025419,-986.4062377155187,-1004.9560983716756,-1025.2306692752734,-1047.47512132604,-1071.9862951358818,-1099.1276400798286,-1129.3497744422743,-1163.2193279612031,-1201.4602770808615,-1245.0146215138423,-1295.1338907197824,-1353.5214298940618,-1422.5614661750406,-1505.7025246470448,-1608.127868150038,-1737.9936778091896,-1908.8466823750332,-2144.4502936538356,-2489.4447254943007,-3033.007116989538,-3871.2364567141485,-5008.212401915967,-7024.259953332206,-9537.72422510009,-9989.182242750963,-9999.796216255725,-9999.996178634954,-9999.999928347706,-9999.999998656485,-9999.999999974807,-9999.999999999534,-9999.999999999993,-9999.999999999985,-9999.999999999985,-9999.999999999985,-9999.999999999985,-9999.999999999985,-9999.999999999985,-9999.999999999985,-9999.999999999985,-9999.999999999985,-9999.999999999985,-9999.999999999985,-9999.999999999985,-9999.999999999985,-9999.999999999985,-9999.999999999985,-9999.999999999985,-9999.999999999985,-9999.999999999985,-9999.999999999985,-10000.000000000025,-10000.000000000295,-10000.000000008404,-10000.000000219698,-10000.000005359545,-10000.000120879331,-10000.00248198394,-10000.04543813329,-10000.720280262522,-10009.486143621698,-10099.506916338374,-10904.398433237306,-18392.365550962542
1.0,1.0,1.0,18.0,0.0,0.0,-750.8636224217929,-752.6397275984418,-754.5165245689666,-756.4993296028365,-758.5937969046558,-760.8059463475167,-763.1421940717411,-765.6093863082226,-768.2148368387408,-770.9663685679773,-773.8723597552297,-776.9417955401465,-780.1843254990386,-783.6103280895528,-787.230982985986,-791.058352480278,-795.105473331053,-799.3864606930848,-803.9166260620058,-808.7126115370191,-813.7925431536252,-819.1762065899392,-824.8852492307436,-830.943413417568,-837.3768067663385,-844.2142167559974,-851.4874784609688,-859.2319064231069,-867.4868043768638,-876.2960700477967,-885.7089168043428,-895.7807399220495,-906.574163131273,-918.1603116890753,-930.6203724819163,-944.0475211328782,-958.5493229669919,-974.2507522769868,-991.2980276200233,-1009.8635375462984,-1030.1522432547467,-1052.4101114352661,-1076.9353834035942,-1104.093878017879,-1134.3401455645328,-1168.2472956547085,-1206.549999877944,-1250.2080532692955,-1300.5029988925553,-1359.189742748722,-1428.7431378338656,-1512.7756928075282,-1616.7777062432106,-1749.4942282749207,-1925.6592362364545,-2171.755476424585,-2537.977612808165,-3126.69748838733,-4148.4154690866635,-5536.947462444368,-6569.2373173349915,-8179.5254800085895,-9809.352072364141,-9995.939655264723,-9999.923137616139,-9999.998548424515,-9999.999972587693,-9999.999999482332,-9999.999999990227,-9999.999999999816,-9999.999999999998,-9999.999999999996,-9999.999999999996,-9999.999999999996,-9999.999999999996,-9999.999999999996,-9999.999999999996,-9999.999999999996,-9999.999999999996,-9999.999999999996,-9999.999999999996,-9999.999999999996,-9999.999999999996,-9999.999999999996,-9999.999999999996,-9999.999999999996,-9999.999999999996,-9999.999999999998,-10000.00000000052,-10000.000000013335,-10000.0000003324,-10000.000007741077,-10000.000166494296,-10000.003256608648,-10000.056733280606,-10000.854901592951,-10010.696628977146,-10106.775195125452,-10927.875562137297,-18294.249707966716
1.0,1.0,1.0,19.0,0.0,0.0,-750.791458888292,-752.4186000104327,-754.1367948616851,-755.9507424014342,-757.8654301254808,-759.8861568110909,-762.018557517657,-764.2686311142544,-766.6427706439737,-769.1477968797076,-771.7909954785564,-774.5801582033026,-777.5236287515891,-780.6303538183304,-783.9099401173969,-787.3727182078019,-791.0298141115146,-794.8932298796708,-798.9759344673772,-803.2919665224906,-807.8565509901559,-812.6862317952316,-817.7990233044397,-823.2145838094492,-828.9544149371611,-835.0420917176114,-841.5035290672796,-848.3672917336874,-855.6649563722841,-863.4315364905937,-871.7059836340527,-880.5317815885218,-889.9576547898087,-900.0384179113303,-910.8360012366579,-922.4206966046495,-934.8726824265898,-948.2839049414717,-962.7604185821043,-978.42532416702,-995.4224942780114,-1013.9213477794706,-1034.1230411290517,-1056.268600622354,-1080.6497557031462,-1107.6235964984166,-1137.6327494623508,-1171.23368383065,-1209.1372797554418,-1252.2683699326385,-1301.855493390239,-1359.5703157111843,-1427.7516418556052,-1509.7793110957782,-1610.7257045087222,-1738.545643341441,-1906.361683252917,-2137.1661909445193,-2474.0215170092797,-3001.4849515142705,-3898.795876850025,-5509.952646607351,-7275.805625188994,-8051.724575756321,-9151.011426340669,-9946.45500611119,-9998.927454083769,-9999.979603029122,-9999.999612495805,-9999.999992638297,-9999.999999860127,-9999.999999997364,-9999.999999999953,-10000.000000000005,-10000.000000000015,-10000.000000000015,-10000.000000000015,-10000.000000000015,-10000.000000000015,-10000.000000000015,-10000.000000000015,-10000.000000000015,-10000.000000000015,-10000.000000000015,-10000.000000000015,-10000.000000000015,-10000.000000000015,-10000.000000000024,-10000.000000000802,-10000.000000020238,-10000.000000484844,-10000.000010834137,-10000.000223341802,-10000.00418204214,-10000.069655096715,-10001.002203078928,-10011.962397488278,-10114.051232740778,-10950.485545726611,-18207.10447588876
1.0,1.0,1.0,20.0,0.0,0.0,-750.7261466661963,-752.2185458959517,-753.7934527656321,-755.4550350491174,-757.2077080782974,-759.0561535011387,-761.0053398257978,-763.0605449569022,-765.2273809582865,-767.5118213089212,-769.9202309565127,-772.4593995171409,-775.1365780205549,-777.959519660659,-780.9365250811531,-784.0764928091074,-787.3889755472281,-790.8842431515326,-794.5733532593114,-798.4682306969729,-802.5817569949309,-806.9278715743857,-811.5216864579403,-816.3796167045332,-821.5195291938774,-826.9609129059816,-832.7250744817065,-838.8353636429364,-845.3174340370432,-852.1995463044872,-859.5129217223401,-867.2921567459525,-875.5757112835316,-884.4064867676757,-893.832514269294,-903.9077783580913,-914.6932096010487,-926.257888140432,-938.6805136067326,-952.0512139943346,-966.4737899441784,-982.0685239200062,-998.9757301981803,-1017.3602877493812,-1037.4174937665812,-1059.380716204268,-1083.5315339808676,-1110.2133740063946,-1139.8501528920515,-1172.9722248039166,-1210.2532312821636,-1252.563617487957,-1301.0503213617744,-1357.2588106372327,-1423.3259518415084,-1502.2957967181032,-1598.6575747883226,-1719.3041921538552,-1875.3243210136043,-2085.530483824871,-2383.9259323478473,-2836.138209556824,-3573.9731683359605,-4884.592594118658,-7215.365162676011,-8989.29370329414,-9360.901340555327,-9797.706944454396,-9992.290338003693,-9999.849526282054,-9999.997120884536,-9999.999944933077,-9999.999998946785,-9999.999999979826,-9999.999999999613,-9999.999999999993,-10000.0,-9999.99999999998,-9999.99999999998,-9999.99999999998,-9999.99999999998,-9999.99999999998,-9999.99999999998,-9999.99999999998,-9999.99999999998,-9999.99999999998,-10000.000000000002,-10000.000000000024,-10000.000000001186,-10000.000000029586,-10000.00000068404,-10000.000014741654,-10000.000292677169,-10000.00527015472,-10000.084277025542,-10001.162313855139,-10013.281827948626,-10121.330720578566,-10972.287621536663,-18129.948580646775
1.0,1.0,1.0,21.0,0.0,0.0,-750.6681214240864,-752.0408898086328,-753.4887461259552,-755.0154124380553,-756.6248254082564,-758.3211519886588,-760.108806547273,-761.9924695949753,-763.9771082935315,-766.0679989501041,-768.2707517316279,-770.5913378647919,-773.0361196249439,-775.6118834608908,-778.3258766536089,-781.185847966498,-784.2000928149204,-787.3775035651577,-790.7276256704503,-794.2607204671667,-797.9878355915567,-801.920884141549,-806.072733904511,-810.4573082084253,-815.089700239546,-819.9863030163782,-825.1649576323601,-830.6451228973876,-836.4480701455686,-842.5971077652887,-849.1178409890724,-856.0384737093024,-863.3901606328391,-871.2074200488917,-879.5286199874269,-888.3965537634232,-897.8591250712304,-907.9701682386739,-918.7904364253561,-930.3888000908337,-942.8437108731339,-956.2450034125947,-970.6961315370005,-986.3169684135592,-1003.2473470110085,-1021.6515839754387,-1041.7243268652692,-1063.6982075418819,-1087.8539991118607,-1114.5343026933897,-1144.162305416038,-1177.2679775435204,-1214.5254380989697,-1256.8075275297651,-1305.2676704086953,-1361.46644985666,-1427.5741661153738,-1506.7079751780193,-1603.5182759805211,-1725.2599009939431,-1883.8752817272998,-2100.2531044410935,-2412.98535400951,-2899.233356144534,-3695.3853736858728,-4750.63588708968,-6299.351958040475,-8824.92740151468,-9955.211859378609,-9999.125842857424,-9999.983274148264,-9999.999680095483,-9999.999993881444,-9999.999999882933,-9999.999999997754,-9999.99999999996,-9999.999999999996,-9999.99999999998,-9999.99999999998,-9999.99999999998,-9999.99999999998,-9999.99999999998,-9999.99999999998,-9999.99999999998,-9999.99999999998,-9999.99999999998,-10000.000000000015,-10000.00000000006,-10000.000000001763,-10000.000000042766,-10000.000000954806,-10000.000019854524,-10000.00037984565,-10000.006581862554,-10000.1011406395,-10001.338548904223,-10014.665087816444,-10128.607423039417,-10993.184147564249,-18063.601682844626
1.0,1.0,1.0,22.0,0.0,0.0,-750.6165611602355,-751.8830886197466,-753.2182463957491,-754.625380404772,-756.1080244119493,-757.6699133224,-759.3149976522125,-761.047459306003,-762.871728804149,-764.7925041212635,-766.8147713187375,-768.9438271786842,-771.1853040748285,-773.5451973486976,-776.0298954974311,-778.6462135237794,-781.4014298505261,-784.3033272620082,-787.3602384064502,-790.5810964764374,-793.9754917837798,-797.5537350621798,-801.3269284707596,-805.3070454381316,-809.5070206865848,-813.9408520167254,-818.6237157238183,-823.5720978705617,-828.8039440722494,-834.3388309788357,-840.198163289963,-846.405400945901,-852.9863221427973,-859.9693290804308,-867.3858049395469,-875.2705326023805,-883.662188207886,-892.6039259523623,-902.1440748541297,-912.3369738381525,-923.2439789394911,-934.9346863442836,-947.4884283425853,-960.9961174436688,-975.5625389305203,-991.3092270204228,-1008.3781090992244,-1026.9361731814265,-1047.1815167013915,-1069.3512872832935,-1093.7322564082403,-1120.6751216517896,-1150.6141920101331,-1184.095012950774,-1221.81398366689,-1264.676573585903,-1313.8852516759544,-1371.0764799579638,-1438.5417750105003,-1519.5988901688038,-1619.2437806743183,-1745.3531262707083,-1911.0253617539347,-2139.487516244846,-2474.654597994846,-3003.2742096746115,-3910.4643726939175,-5390.531597972207,-6564.761982375858,-7862.027500346565,-9595.227385244783,-9989.520461074415,-9999.79737593836,-9999.996107996176,-9999.999925251892,-9999.999998564426,-9999.99999997242,-9999.999999999462,-9999.999999999989,-10000.0,-10000.0,-10000.0,-10000.0,-10000.0,-10000.0,-10000.0,-10000.000000000024,-10000.000000000104,-10000.00000000265,-10000.000000061924,-10000.000001332088,-10000.000026669628,-10000.000490859436,-10000.008175894316,-10000.12066758888,-10001.532708411749,-10016.113862409424,-10135.871944074153,-11013.22073745427,-18007.027218024585
1.0,1.0,1.0,23.0,0.0,0.0,-750.5692481356452,-751.7383242889748,-752.9701894334241,-754.2678565075645,-755.6345032661953,-757.0734835672322,-758.5883396266759,-760.1828153423613,-761.8608707995479,-763.626698085531,-765.4847385565162,-767.4397017186214,-769.4965859059851,-771.6607009636381,-773.9376931708957,-776.3335726739458,-778.85474373423,-781.5080381434997,-784.3007522081008,-787.2406877654746,-790.3361977668867,-793.5962370439985,-797.0304189757287,-800.6490788890169,-804.4633451665146,-808.4852192007505,-812.7276655339639,-817.2047137630541,-821.9315740796808,-826.9247686680509,-832.2022816132721,-837.7837305001609,-843.6905635318282,-849.9462868014216,-856.5767273517557,-863.6103389115042,-871.0785587775665,-879.0162263179125,-887.4620761308227,-896.4593221915527,-906.0563535909358,-916.3075680570386,-927.2743768192763,-939.0264241829061,-951.6430783696171,-965.2152681003507,-979.8477640274406,-995.662038394121,-1012.7998846158359,-1031.428047570784,-1051.7442157218234,-1073.9848743411098,-1098.4357418555232,-1125.445852901276,-1155.4468868468084,-1188.9801990024953,-1226.7354247218911,-1269.606918962476,-1318.7784719569418,-1375.8542906750622,-1443.0683914436358,-1523.6321794386463,-1622.3364052723,-1746.644599238969,-1908.7815780976944,-2129.958021051538,-2449.6062789160296,-2945.433671199513,-3776.6508962921143,-5277.805073897522,-7357.138809683558,-8236.984431958,-9101.558624301055,-9914.273689763233,-9998.161069462869,-9999.964331721269,-9999.999309586656,-9999.999986636547,-9999.99999974134,-9999.999999995005,-9999.999999999915,-9999.999999999998,-10000.000000000013,-10000.000000000013,-10000.000000000013,-10000.000000000013,-10000.000000000025,-10000.000000000175,-10000.000000003889,-10000.000000087044,-10000.000001811482,-10000.00003505146,-10000.000622921572,-10000.010008560574,-10000.142345608403,-10001.74065121206,-10017.610158064144,-10143.12288840795,-11032.66535857121,-17956.933398907986
1.0,1.0,2.0,0.0,0.0,0.0,-750.525820126138,-751.605481432545,-752.7426462120188,-753.9400326461877,-755.2005039283351,-756.5270778788648,-757.9229373577435,-759.3914415540904,-760.9361382424787,-762.560777106368,-764.2693242413137,-766.0659779646697,-767.955186074559,-769.9416647191935,-772.0304190588513,-774.2267659271122,-776.5363587260244,-778.9652148224111,-781.5197457502659,-784.2067905680036,-787.0336527706227,-790.0081412166497,-793.1386156001686,-796.4340370807932,-799.9040247824439,-803.5589189873618,-807.4098519897268,-811.4688277374561,-815.7488115878543,-820.263831739454,-825.0290941886798,-830.0611134067899,-835.3778613554807,-840.9989379772376,-846.9457669333474,-853.2418211504261,-859.9128837159096,-866.9873508884762,-874.4965855314515,-882.475331230321,-890.9621998459861,-900.0002484534946,-909.6376657546384,-919.9285934511217,-930.9341151671672,-942.7234549390587,-955.375439928198,-968.9802991328206,-983.6418933168262,-999.480503861944,-1016.6363538480028,-1035.2740995501622,-1055.5886242442275,-1077.8126037151856,-1102.226518175636,-1129.1720976925744,-1159.0706733974012,-1192.4486773507076,-1229.9737881899466,-1272.5073166156824,-1321.182034935134,-1377.5210733106414,-1443.6253249931815,-1522.4794168489789,-1618.47138041687,-1738.315307142001,-1892.77231681371,-2100.0258832738837,-2392.7185115205248,-2833.69503240182,-3549.7091063709486,-4809.192713032076,-7105.450689241465,-9320.291655223395,-9666.482989441094,-9882.76021887982,-9994.75364700191,-9999.895295178285,-9999.997966690406,-9999.999960535479,-9999.999999234047,-9999.999999985128,-9999.99999999971,-10000.000000000007,-10000.000000000005,-10000.000000000002,-10000.000000000018,-10000.000000000238,-10000.000000005453,-10000.000000118906,-10000.000002404275,-10000.000045139594,-10000.0007774439,-10000.012090468525,-10000.166219532462,-10001.9623147984,-10019.152324278066,-10150.358315630052,-11051.554288925563,-17912.795499634965
1.0,1.0,2.0,1.0,0.0,0.0,-750.4872259158243,-751.487463293961,-752.5405919102799,-753.6490798744647,-754.8155241324254,-756.04265877065,-757.3333639885864,-758.6906758043092,-760.1177965661346,-761.6181063514052,-763.1951753432548,-764.852777287168,-766.5949041416642,-768.4257820516202,-770.3498887891667,-772.3719728257821,-774.4970742207064,-776.7305475356264,-779.0780870142373,-781.5457542983868,-784.1400089910924,-786.8677424214533,-789.7363150189233,-792.7535977654667,-795.928018266309,-799.2686120644936,-802.7850799248142,-806.4878519313103,-810.3881593840515,-814.4981156496237,-818.8308073224697,-823.4003972978894,-828.2222416524453,-833.3130225855971,-838.6909001131606,-844.3756857389219,-850.3890419906023,-856.7547125240567,-863.4987885181001,-870.650018358754,-878.2401692214116,-886.3044512023486,-894.8820172626336,-904.0165556101335,-913.7569955094543,-924.1583532205981,-935.2827523071696,-947.2006626045285,-959.9924156685207,-973.7500729404406,-988.5797482203386,-1004.604521395309,-1021.968130334387,-1040.8396995157177,-1061.4198683513605,-1083.948836933306,-1108.7170806906654,-1136.0798459061252,-1166.477106550259,-1200.4615820970891,-1238.7389434627066,-1282.2269503193106,-1332.1448955811034,-1390.15324259013,-1458.5796110979327,-1540.799816613403,-1641.910920152348,-1769.980931067441,-1938.5110762648437,-2171.6316141696007,-2514.984070036273,-3060.26277599248,-3980.581519257714,-5169.293509985437,-6531.86581673233,-8764.19288455414,-9944.674253874684,-9998.895817363298,-9999.97855736163,-9999.999583819208,-9999.99999192242,-9999.999999843216,-9999.999999996968,-9999.999999999958,-9999.999999999996,-10000.000000000002,-10000.000000000015,-10000.000000000338,-10000.000000007769,-10000.000000163549,-10000.000003203533,-10000.000058219339,-10000.00096981123,-10000.014575051066,-10000.193484622849,-10002.204135140822,-10020.75785261082,-10157.565811005008,-11069.71594543925,-17876.120265065343
1.0,1.0,2.0,2.0,0.0,0.0,-750.4519498385948,-751.3796156090801,-752.3560094552681,-753.3833781061874,-754.4640831833149,-755.600608406326,-756.7955673617412,-758.0517118879034,-759.3719411355852,-760.759311370292,-762.2170465899441,-763.7485500402204,-765.3574167196971,-767.0474469779954,-768.8226613229215,-770.6873165669876,-772.6459234604646,-774.7032659769815,-776.864422439762,-779.134788701679,-781.5201036216177,-784.0264771133159,-786.6604210821172,-789.4288836108403,-792.3392868091639,-795.3995688036659,-798.618230418825,-802.0043871861186,-805.5678274204618,-809.3190772248465,-813.2694734285429,-817.431245637165,-821.8176087802452,-826.4428677919078,-831.3225363624817,-836.4734720664665,-841.9140306207846,-847.6642425776632,-853.7460164354476,-860.1833729920894,-867.0027168156241,-874.2331520222463,-881.9068512141641,-890.059488540848,-898.7307505487871,-907.9649419680206,-917.8117081093819,-928.3269014765806,-939.5736280378201,-951.6235190666869,-964.5582885737359,-978.4716555875365,-993.4717370782706,-1009.6840543798218,-1027.2553484441783,-1046.3584746657184,-1067.1987580973678,-1090.0223534004244,-1115.1274013827317,-1142.8791564163469,-1173.7308633896678,-1208.2531418003337,-1247.1762639023282,-1291.4525076246186,-1342.3507152399843,-1401.6042816825352,-1471.6511674754793,-1556.0391566778235,-1660.1420561522536,-1792.4913159065727,-1967.3863490560707,-2210.3746490270296,-2570.350862278261,-3144.8255441394685,-4140.378114071609,-5809.146160373013,-7096.893222157349,-8207.239412521107,-9661.861113961822,-9991.161361032497,-9999.826943275188,-9999.996633928558,-9999.999934536045,-9999.999998726871,-9999.999999975238,-9999.99999999952,-9999.999999999993,-10000.00000000049,-10000.000000010925,-10000.00000022238,-10000.000004222524,-10000.000074340569,-10000.001198871809,-10000.017431120576,-10000.223717252076,-10002.462601134228,-10022.412105149804,-10164.746172923424,-11087.349337592337,-17844.582173948223
1.0,1.0,2.0,3.0,0.0,0.0,-750.4192749713163,-751.2797388081992,-752.1851149023198,-753.1374504035089,-754.1388950721808,-755.1917075416193,-756.2982620552132,-757.4610557222975,-758.6827163409881,-759.9660108418884,-761.3138544123348,-762.7293203678139,-764.2156508448038,-765.7762683979298,-767.4147885942879,-769.1350337089808,-770.9410476387026,-772.8371121648429,-774.8277647143545,-776.9178177857107,-779.1123802295524,-781.4168805988356,-783.8370928128878,-786.3791644136911,-789.0496477323521,-791.8555343296599,-794.8042931285415,-797.9039127190633,-801.1629483907246,-804.5905745339485,-808.19664315573,-811.9917493768461,-815.9873049235347,-820.1956208007196,-824.6300005426533,-829.304845688336,-834.2357754335105,-839.4397627806022,-844.9352899593746,-850.7425264446429,-856.883533579807,-863.3825006608788,-870.2660183899382,-877.5633969288739,-885.3070374519023,-893.5328682132489,-902.2808588549008,-911.5956301681123,-921.5271810525819,-932.1317603473188,-943.4729190396213,-955.6227888004371,-968.6636468555072,-982.6898463410154,-997.810217644701,-1014.1510829683467,-1031.8600782408048,-1051.1110508772258,-1072.1104101181434,-1095.105466893035,-1120.3955416680537,-1148.3469901433393,-1179.4138803791652,-1214.1669944118462,-1253.3353794787745,-1297.8673125178802,-1349.0221704956102,-1408.5131048595672,-1478.7362709164026,-1563.153507939724,-1666.9593234630502,-1798.3011647235608,-1970.6314999699116,-2207.497735868197,-2553.0694472560535,-3095.4791120563386,-4015.674935207746,-5690.149931963882,-7983.7480090533645,-8804.438656987986,-9440.26166620323,-9956.777358777394,-9999.092715877036,-9999.982269325554,-9999.999653996923,-9999.999993248155,-9999.999999868267,-9999.999999998123,-10000.000000014898,-10000.000000295675,-10000.000005459444,-10000.000093399165,-10000.001462417284,-10000.020626678075,-10000.256583865299,-10002.735386407392,-10024.106715760281,-10171.901638861706,-11104.55681420465,-17817.06658961202
1.0,1.0,2.0,4.0,0.0,0.0,-750.3891927413798,-751.1878046175617,-752.0278546846271,-752.9112115894299,-753.8398358810077,-754.8157854734081,-755.8412215109372,-756.918414671744,-758.049751949442,-759.237743956864,-760.4850328006062,-761.7944005805599,-763.1687785746266,-764.6112571755866,-766.1250966549054,-767.7137388369757,-769.3808197772275,-771.1301835488523,-772.9658972558126,-774.8922674044068,-776.9138577827038,-779.0355090162501,-781.2623599908742,-783.599871358871,-786.0538513745353,-788.6304843391571,-791.336361975516,-794.1785180980838,-797.1644669993499,-800.3022460359798,-803.6004629728873,-807.06834873109,-810.715816288738,-814.5535266077646,-818.5929626049723,-822.8465123611957,-827.3275629721551,-832.0506066971084,-837.0313613671007,-842.2869073858002,-847.8358441088635,-853.6984689432852,-859.8969831927438,-866.4557295232138,-873.401466979878,-880.7636908108611,-888.5750060237551,-896.8715657207948,-905.6935879686995,-915.0859684480083,-925.0990106539871,-935.7893013438847,-947.2207667418568,-959.4659554258378,-972.607607830783,-986.7405913552997,-1001.9743062656994,-1018.4357040854309,-1036.2731116520918,-1055.6611277302486,-1076.806966208848,-1099.9587782881204,-1125.4167244860087,-1153.547933448449,-1184.8070592500792,-1219.7650727385917,-1259.1504472342535,-1303.9094894067189,-1355.2971104466906,-1415.0175902941692,-1485.4504867382075,-1570.027608186051,-1673.890321177605,-1805.093418543689,-1976.9429419367443,-2212.7498159404895,-2555.8237587159674,-3091.7454079631134,-3953.112629242736,-5335.942965354014,-7794.069092182843,-9829.603151888392,-9996.423179760888,-9999.9300996621,-9999.998635937991,-9999.999973381913,-9999.999999480617,-9999.999999990832,-10000.00000001985,-10000.0000003865,-10000.000006956787,-10000.000115908651,-10000.001765744919,-10000.024206265583,-10000.292366800539,-10003.023645357218,-10025.843596134822,-10179.028861439756,-11121.328625944327,-17793.555814544805
1.0,1.0,2.0,5.0,0.0,0.0,-750.3623192453811,-751.1056959624854,-751.8874498007483,-752.7092955499668,-753.573030963927,-754.4805415796255,-755.433805882529,-756.4349008479912,-757.4860078921,-758.5894192686845,-759.7475449530352,-760.9629200573193,-762.2382128275611,-763.5762332775055,-764.979942520989,-766.4524628713781,-767.9970887846513,-769.6172987316538,-771.3167680952948,-773.0993832001566,-774.9692565951756,-776.930743725295,-778.9884611453577,-781.1473064494452,-783.4124801118841,-785.789509462515,-788.2842750495679,-790.9030396788928,-793.6524804595665,-796.5397242340066,-799.57238682687,-802.758616612983,-806.1071429818916,-809.6273303682118,-813.3292386249536,-817.2236906456419,-821.3223482941587,-825.6377978846792,-830.1836466741133,-834.974632095254,-840.0267457806667,-845.3573748189815,-850.9854631641051,-856.931696706519,-863.2187162424871,-869.8713634799357,-876.9169663473251,-884.3856712890858,-892.3108320235915,-900.7294665222021,-909.682796895233,-919.2168906539681,-929.38342674641,-940.2406162409599,-951.8543161205492,-964.299386150633,-977.6613543478755,-992.0384778740031,-1007.5443156792472,-1024.3109706140249,-1042.4932176348561,-1062.2738198452,-1083.8704591434855,-1107.5448952564525,-1133.615252190012,-1162.4727757245112,-1194.605115109889,-1230.629344319469,-1271.3398973330254,-1317.7800006153484,-1371.3513275916494,-1433.988099080566,-1508.4443018093316,-1598.788586846017,-1711.300072472779,-1856.1772571180136,-2050.9981629239137,-2328.253192936936,-2751.3911162833647,-3450.308514577846,-4654.084537808521,-6002.495934837978,-7311.4726812350855,-9267.416001373527,-9975.67304482524,-9999.518590047308,-9999.990605134517,-9999.999816707772,-9999.999996451277,-10000.00000044115,-10000.000008931676,-10000.000144504289,-10000.00213625026,-10000.028405475257,-10000.332632738513,-10003.334456827428,-10027.638098942807,-10186.111457926574,-11137.532711402853,-17774.96839054556
1.0,1.0,2.0,6.0,0.0,0.0,-750.3372541473146,-751.0291227519601,-751.756535551132,-752.5210667208503,-753.3243653826783,-754.1681598576461,-755.0542622176945,-755.9845731599383,-756.9610872314845,-757.9858984354589,-759.0612062519709,-760.189322111271,-761.3726763604088,-762.6138257689848,-763.9154616246639,-765.2804184747657,-766.7116835764268,-768.2124071251661,-769.7859133396378,-771.4357124895961,-773.1655139645247,-774.979240492243,-776.8810436303322,-778.8753206687585,-780.9667330997195,-783.1602268312424,-785.4610543443655,-787.8747990208489,-790.4074018997194,-793.0651911570284,-795.8549146456186,-798.7837758807144,-801.8594739146658,-805.0902476117037,-808.484924912805,-812.0529777744048,-815.8045835756415,-819.7506939204545,-823.9031119180945,-828.274579213646,-832.8788742662563,-837.7309236456882,-842.8469284485013,-848.2445083378586,-853.9428662037471,-859.9629770459592,-866.3278054309685,-873.0625568040497,-880.1949691008188,-887.755652564677,-895.7784875271617,-904.301092266514,-913.3653760861318,-923.0181966685007,-933.3121458627578,-944.3064947735351,-956.0683379227438,-968.6739881876276,-982.2106903759556,-996.7787434252998,-1012.4941518791073,-1029.4919703488488,-1047.9305659748843,-1067.9971125120828,-1089.9147598733098,-1113.9521177285455,-1140.4359888041975,-1169.7687502922129,-1202.4525196771629,-1239.1234483209992,-1280.6015167617425,-1327.9647289558675,-1382.6629270011713,-1446.6982314889224,-1522.9219805042803,-1615.544404491432,-1731.0520443677397,-1879.9488419912122,-2080.244167652585,-2364.9357280178065,-2798.834828779407,-3513.470609930031,-4785.656796097101,-6781.663156086375,-7921.446713694619,-8903.745953117432,-9882.130849272988,-9997.394904034943,-9999.948978722667,-9999.999003905044,-9999.99999181991,-10000.00017740029,-10000.002556442725,-10000.033044809461,-10000.375948819064,-10003.659904353664,-10029.467827702621,-10193.163399823034,-11153.401827587955,-17759.12725626002
1.0,1.0,2.0,7.0,0.0,0.0,-750.3139047525717,-750.9578005520071,-751.6346225272697,-752.3458165916397,-753.0928964328658,-753.8774472730291,-754.7011298845742,-755.5656848836351,-756.4729373238887,-757.4248016164988,-758.4232868042048,-759.4705022205034,-760.5686635680637,-761.7200994540383,-762.9272584240377,-764.1927165408292,-765.5191855591185,-766.9095217532059,-768.3667354608855,-769.8940014140841,-771.4946699350382,-773.172279085958,-774.9305678707985,-776.7734905997444,-778.7052325406587,-780.7302269975394,-782.8531739738851,-785.0790605994868,-787.4131835229908,-789.8611734998973,-792.4290224372263,-795.1231131930671,-797.9502524716106,-800.9177072043005,-804.0332448657831,-807.3051782416939,-810.7424152455058,-814.3545144765916,-818.1517473236896,-822.1451675513633,-826.3466894660983,-830.769175948868,-835.4265378697962,-840.3338466766039,-845.5074622827651,-850.9651787887622,-856.7263910676047,-862.81228585798,-869.2460617646949,-876.0531835055804,-883.2616769177528,-890.9024727116832,-899.00980882779,-907.6217036270439,-916.7805151954614,-926.5336059815194,-936.9341371166707,-948.0420235096944,-959.9250897409054,-972.6604787407921,-986.3363814085523,-1001.0541774337073,-1016.9311081680131,-1034.103645244154,-1052.7317794975195,-1073.0045424725927,-1095.1472012816107,-1119.4307590598116,-1146.1846840416733,-1175.8142410413247,-1208.8245137565264,-1245.8543675464632,-1287.7255409172367,-1335.5153877484377,-1390.6677154884642,-1455.1670717754332,-1531.8227195945556,-1624.750272617829,-1740.2262011375924,-1888.2824056915097,-2085.8467398488738,-2363.283160092282,-2779.0924336144126,-3452.5075408041375,-4631.753759422616,-6782.971601485377,-9017.471701863324,-9479.949472522363,-9835.144199220453,-9993.540261675736,-9999.870933993452,-9999.997689219274,-10000.002979499974,-10000.038138950456,-10000.422370797656,-10003.999986163286,-10031.331978892724,-10200.18412323706,-11168.947612019105,-17745.878687041328
1.0,1.0,2.0,8.0,0.0,0.0,-750.2926603700961,-750.8929190780748,-751.5237456767069,-752.1864724272313,-752.8824931701489,-753.6132666709311,-754.3803201882173,-755.1852532824023,-756.0297418842651,-756.9155426452147,-757.8444975927745,-758.8185391173066,-759.8396953185968,-760.9100957437863,-762.0319775515088,-763.2076921405356,-764.4397122855828,-765.7306398272669,-767.0832139685359,-768.5003202355998,-769.985000168055,-771.5404618101682,-773.1700910837959,-774.8774641329073,-776.6663607404333,-778.5407789306214,-780.504950884041,-782.5633603084784,-784.7207614275056,-786.9821997696383,-789.3530349653088,-791.8389657873191,-794.4460577027314,-797.1807732422467,-800.0500055369866,-803.0611154240418,-806.2219725821366,-809.5410012294515,-813.027230998496,-816.690353701072,-820.5407868126363,-824.5897446434641,-828.8493183290745,-833.3325659701425,-838.053614489718,-843.0277750631857,-848.2716743247865,-853.803403979543,-859.6426919698836,-865.8110989869015,-872.3322449088618,-879.232070736175,-886.5391428266772,-894.2850077900409,-902.5046083712899,-911.2367731692259,-920.5247962702567,-930.4171270691851,-940.9681960238415,-952.2394093058689,-964.300354908556,-977.2302756683555,-991.1198821695513,-1006.073602557955,-1022.2123997455777,-1039.6773336402657,-1058.63411345372,-1079.278983058236,-1101.8464270116158,-1126.6194025572854,-1153.9431372348515,-1184.24405678407,-1218.0562530887037,-1256.0592994146114,-1299.1336016559953,-1348.4436695016889,-1405.5673584255146,-1472.7037232907815,-1553.021139966222,-1651.2679932409055,-1774.900588789389,-1936.2862095286782,-2157.321972066271,-2479.3042252960295,-2983.850923279606,-3828.686392595657,-5004.9683087234735,-6498.6442332917795,-8878.95835467205,-9956.058525803779,-9999.121961907527,-9999.983073443293,-10000.003243635592,-10000.043893331635,-10000.473183681668,-10004.360043790997,-10033.241010257574,-10207.16078257782,-11184.082023099103,-17735.774309115117
1.0,1.0,2.0,9.0,0.0,0.0,-750.2731485439349,-750.8333369494067,-751.4219448344844,-752.0402023039445,-752.6893955889284,-753.3708700371711,-754.0860332975484,-754.8363587142035,-755.6233889469537,-756.4487398363486,-757.3141045333538,-758.2212579157336,-759.1720613152328,-760.1684675821261,-761.2125265163772,-762.3063906976026,-763.4523217494622,-764.6526970777053,-765.9100171254051,-767.2269131936174,-768.6061558809508,-770.0506642015073,-771.5635154474675,-773.1479558701792,-774.8074122621556,-776.5455045324182,-778.3660593784975,-780.2731251713678,-782.2709881838994,-784.3641903101793,-786.5575484420083,-788.8561756908058,-791.2655046684603,-793.7913130696397,-796.4397518321036,-799.2173761905232,-802.1311799850853,-805.1886336394608,-808.3977262850683,-811.7670125819387,-815.305664872845,-819.0235314095197,-822.9312015109008,-827.0400786576636,-831.3624626995065,-835.9116425587075,-840.7020010621336,-845.7491338355327,-851.0699845595971,-856.6829993343242,-862.6083034459505,-868.8679045064405,-875.4859267728804,-882.4888824978253,-889.90598747063,-897.7695295613102,-906.1153011764629,-914.9831092204196,-924.4173796133414,-934.4678779104365,-945.1905734510832,-956.6486822440617,-968.9139341726352,-982.0681240919656,-996.2050254552482,-1011.4327713921192,-1027.8768448706212,-1045.6838715371994,-1065.0264834808602,-1086.1096311433537,-1109.1788824720447,-1134.5314934708283,-1162.5314130745703,-1193.6299841879554,-1228.39507372886,-1267.5529827348482,-1312.050267615029,-1363.1475422909848,-1422.5664341612037,-1492.7283397092524,-1577.1586640095147,-1681.2039426775427,-1813.3725987225116,-1987.9824358438564,-2230.727748890349,-2591.154101119835,-3168.8247315432236,-4171.137700251915,-5813.74443244643,-7075.8856369459245,-8383.77162188178,-9799.075456214438,-9995.412998389844,-9999.960160060564,-10000.526584265548,-10004.73895187021,-10035.189917661826,-10214.09423198433,-11198.861111025004,-17728.207955203998
1.0,1.0,2.0,10.0,0.0,0.0,-750.2548798844723,-750.7775565784904,-751.326653398478,-751.9033063365464,-752.5087025677726,-753.1440831244978,-753.8107457403485,-754.510047877041,-755.2434099481777,-756.0123187555776,-756.8183311552043,-757.6630779711904,-758.5482681784486,-759.4756933761171,-760.447232576534,-761.4648573365826,-762.5306372612986,-763.6467459123973,-764.8154671579763,-766.0392020033635,-767.3204759473962,-768.6619469132031,-770.0664138079912,-771.5368257724282,-773.076292187053,-774.6880935110091,-776.3756930371633,-778.142749657641,-779.9931317453519,-781.9309322698908,-783.9604852811733,-786.0863839110178,-788.3135000625359,-790.6470059793957,-793.0923979130248,-795.6555221355197,-798.342603580728,-801.1602774359555,-804.1156240536677,-807.2162076070581,-810.4701189773866,-813.8860234361268,-817.4732137735883,-821.2416696304364,-825.2021239129201,-829.366137320621,-833.7461821926717,-838.3557370906956,-843.2093937927481,-848.322978682233,-853.7136908921583,-859.4002600248045,-865.4031268307705,-871.7446509270212,-878.4493504959655,-885.5441799831584,-893.0588531601799,-901.0262206223218,-909.4827129545457,-918.4688635681426,-928.029928780067,-938.2166273448679,-949.086027725931,-960.7026194255931,-973.1396154140103,-986.4805471485572,-1000.8212333710658,-1016.27223102582,-1032.9619145538618,-1051.0403834690917,-1070.6844751546605,-1092.104272184587,-1115.5516602133214,-1141.3317445490304,-1169.8183224402608,-1201.475221647817,-1236.8863076908615,-1276.7986090257723,-1322.1858257985891,-1374.3444630697313,-1435.04393757061,-1506.7693463935766,-1593.1300295629344,-1699.5786526281345,-1834.7421438461515,-2013.0244353772014,-2259.9867336849547,-2624.321819348239,-3204.71516559484,-4204.919894082246,-6018.935575911688,-8105.752248864621,-8828.752458251096,-9613.27940077427,-9984.74002877612,-10004.814386704502,-10037.162419407145,-10220.993261351747,-11213.377645647137,-17722.437338775642
1.0,1.0,2.0,11.0,0.0,0.0,-750.2378095142286,-750.725440286524,-751.2376345457604,-751.7754417964527,-752.3399582593433,-752.9323292661975,-753.5537518030628,-754.2054772131469,-754.8888140714108,-755.6051312440972,-756.3558611476808,-757.1425032228917,-757.9666276411396,-758.8298792620783,-759.7339818631061,-760.6807426632995,-761.6720571668325,-762.7099143531352,-763.7964022440059,-764.9337138808825,-766.1241537489738,-767.370144688803,-768.6742353400795,-770.0391081676881,-771.4675881250391,-772.9626520162765,-774.5274386257936,-776.1652596913498,-777.879611806193,-779.6741893455954,-781.5528985249114,-783.5198727093368,-785.5794891107846,-787.736387024338,-789.995487776724,-792.3620165818644,-794.8415265249421,-797.4399249265723,-800.1635023739574,-803.0189647465897,-806.0134686116454,-809.1546604196808,-812.4507199962876,-815.9104089017314,-819.543124320692,-823.3589592506405,-827.3687698838771,-831.5842512286281,-836.0180221945736,-840.6837215840218,-845.5961166899842,-850.7712265171555,-856.2264620240989,-861.9807862519044,-868.0548977772814,-874.4714416343859,-881.2552527250735,-888.433637828821,-896.036703692149,-904.0977404044065,-912.6536714602952,-921.7455847149971,-931.4193620524231,-941.7264302804407,-952.7246619119871,-964.479462607111,-977.0650928719259,-990.5662861822701,-1005.0802455335365,-1020.7191277253769,-1037.6131627520128,-1055.9146094294333,-1075.8028254181943,-1097.4908418844936,-1121.2339988964036,-1147.3414475880943,-1176.1917093305774,-1208.2540857246272,-1244.118684270547,-1284.539428135227,-1330.497143740422,-1383.2946004549067,-1444.7040594118344,-1517.2042725923611,-1604.376112644707,-1711.592357139718,-1847.2802320738556,-2025.3625637069563,-2270.236461972545,-2627.4767350683687,-3188.1340272172383,-4128.546090045507,-5815.437304760009,-8611.607624032324,-9943.75276607603,-10004.398550134749,-10039.15451752235,-10227.856971771145,-11227.636341675357,-17718.38172268349
1.0,1.0,2.0,12.0,0.0,0.0,-750.2224392841384,-750.6785211991935,-751.1575093454969,-751.6603771485292,-752.1881409141738,-752.7418619907235,-753.322649062209,-753.9316605826201,-754.5701073616517,-755.2392553131957,-755.9404283791897,-756.6750116422137,-757.4444546417253,-758.250274910052,-759.0940617457779,-759.9774802438957,-760.9022756039631,-761.8702777394701,-762.8834062140261,-763.9436755325363,-765.0532008182996,-766.2142039102844,-767.4290199182911,-768.7001042778309,-770.0300403509468,-771.4215476243211,-772.8774905616376,-774.400888173728,-775.9949243770573,-777.6629592195316,-779.4085410618336,-781.2354198129796,-783.147561331057,-785.149163113643,-787.244671418189,-789.4387999707245,-791.7365504418274,-794.1432348926181,-796.6645004211006,-799.3063562707794,-802.0752037005433,-804.9778689574304,-808.0216397440615,-811.2143056308721,-814.5642029318258,-818.0802646430304,-821.7720761388152,-825.6499374327007,-829.7249329447232,-834.0090098765365,-838.5150664871921,-843.257051792893,-848.2500784919118,-853.5105512530297,-859.0563129165294,-864.9068116592182,-871.0832927933453,-877.6090196334468,-884.5095288158047,-891.812926643789,-899.5502345280418,-907.7557934848953,-916.4677400721523,-925.7285692442579,-935.5858036257425,-946.0927939435322,-957.3096822598922,-969.3045688173213,-982.1549356127786,-995.9493965099244,-1010.789866597721,-1026.7942753088682,-1044.09999257482,-1062.8682012046772,-1083.289541352082,-1105.591489617488,-1130.0481406706854,-1156.9933740424524,-1186.8388820432847,-1220.0993269673131,-1257.4282025850998,-1299.6701957571886,-1347.9397441146816,-1403.7425883598848,-1469.1705813880053,-1547.226677829517,-1642.3923834667203,-1761.6710809388787,-1916.6151517461585,-2127.5117244698595,-2432.6374429674142,-2907.8085995832953,-3708.7193954130635,-5029.436541032745,-6314.633748578781,-7986.401653743902,-9796.830476418985,-10228.79268167881,-11241.354898154948,-17716.673224699316
1.0,1.0,2.0,13.0,0.0,0.0,-750.2079924543126,-750.6344241888202,-751.082211678072,-751.5522577260278,-752.0455045025376,-752.5629354956366,-753.1055775799191,-753.6745032093968,-754.2708327438492,-754.8957369185446,-755.5504394679941,-756.236219915361,-756.9544165402851,-757.7064295388284,-758.4937243907215,-759.3178354503901,-760.1803697797429,-761.0830112425647,-762.0275248821395,-763.0157616058711,-764.049663203102,-765.1312677248698,-766.2627152573036,-767.4462541236782,-768.6842475537725,-769.9791808632773,-771.3336691906684,-772.7504658441203,-774.2324713169011,-775.7827430362435,-777.4045059182502,-779.1011638097199,-780.8763119074703,-782.733750256587,-784.6774984414353,-786.7118115974781,-788.841197888154,-791.0704376095917,-793.4046041074256,-795.8490867144073,-798.4096159460668,-801.0922912244146,-803.9036114379214,-806.8505086903338,-809.9403856427167,-813.1811569136426,-816.5812950737608,-820.1498818545731,-823.8966652902676,-827.8321236289211,-831.9675369886193,-836.3150679010243,-840.8878520843334,-845.7001010280215,-850.7672182621407,-856.1059315363909,-861.734443563962,-867.6726045116623,-873.9421100662844,-880.5667297097856,-887.5725708350706,-894.9883855854318,-902.8459288771203,-911.1803780640143,-920.030827256589,-929.4408725920981,-939.4593090113718,-950.1409646642358,-961.5477064066741,-973.7496596248915,-986.8266987604198,-1000.870282766727,-1015.9857342760249,-1032.2950954223352,-1049.940741461813,-1069.0900022987814,-1089.941142271842,-1112.7311967571009,-1137.746387331462,-1165.33618019714,-1195.9325913502307,-1230.0772091806593,-1268.4598387800906,-1311.9751128933767,-1361.8077066939804,-1419.564616994483,-1487.4877981656964,-1568.8097994993877,-1668.3758731169319,-1793.7886646162096,-1957.6355909015874,-2182.0743411041058,-2508.978925053383,-3022.783041876821,-3896.986248866553,-5464.920138027985,-7323.032417116745,-8404.472078643506,-10478.542498980038,-17469.384820144063
1.0,1.0,2.0,14.0,0.0,0.0,-750.1944309391954,-750.5930326601904,-751.011541599201,-751.4507951152126,-751.9116667206818,-752.395067845561,-752.9019497040582,-753.4333052713617,-753.9901713781491,-754.5736309313336,-755.1848152703003,-755.8249066685919,-756.4951409919179,-757.1968105243554,-757.931266975599,-758.6999246833183,-759.504264026006,-760.3458350630775,-761.2262614205597,-762.1472444425245,-763.1105676303033,-764.118101393686,-765.1718081407388,-766.2737477356008,-767.4260833564374,-768.6310877893333,-769.8911501974355,-771.2087834089552,-772.5866317723427,-774.0274796322456,-775.5342604858553,-777.1100668859452,-778.7581611645768,-780.4819870601184,-782.2851823398942,-784.1715925221156,-786.1452858132776,-788.2105693918368,-790.3720071854732,-792.6344393083684,-795.0030033466899,-797.4831577057836,-800.0807072615481,-802.8018315922428,-805.6531161060223,-808.6415864249876,-811.7747464397225,-815.0606205103667,-818.5078003633016,-822.1254973185983,-825.923600584752,-829.9127424779487,-834.1043715662192,-838.5108349101811,-843.145470777161,-848.0227134526193,-853.1582120713076,-858.5689657531211,-864.2734777707333,-870.2919320179042,-876.6463957146569,-883.361053111922,-890.4624759870603,-897.9799380104114,-905.9457816867994,-914.395848636056,-923.3699866072834,-932.9126500065798,-943.0736151063096,-953.908836840817,-965.4814816581024,-977.863180965759,-991.1355632440712,-1005.3921412879113,-1020.740656307484,-1037.3060157684708,-1055.2340113958278,-1074.6960745963333,-1095.8954293861727,-1119.0751547098948,-1144.5288962215961,-1172.6153174538715,-1203.7779284129167,-1238.5728089346362,-1277.7081918875765,-1322.1023241986913,-1372.9703126182999,-1431.958425383133,-1501.3589234652027,-1584.467132297069,-1686.2012264376963,-1814.231741974706,-1981.155543561048,-2208.9256209866653,-2538.451792335989,-3052.01817040025,-3922.8868366651877,-5541.39567688659,-8653.220709918969,-15780.897447329917
1.0,1.0,2.0,15.0,0.0,0.0,-750.1819332971656,-750.5548917833912,-750.9464303648386,-751.3573270368363,-751.7883930838553,-752.2404746795213,-752.7144545779896,-753.2112539029843,-753.7318340412967,-754.2771986480768,-754.8483957719441,-755.4465201085258,-756.0727153918185,-756.7281769336083,-757.4141543220093,-758.1319542912017,-758.8829437755628,-759.6685531625325,-760.4902797598805,-761.3496914945588,-762.2484308618915,-763.1882191456476,-764.1708609315656,-765.1982489391602,-766.2723691989368,-767.3953066051511,-768.5692508771075,-769.7965029655297,-771.0794819443724,-772.4207324327587,-773.82293259659,-775.2889027847995,-776.8216148614036,-778.4242023015051,-780.0999711271078,-781.8524117677173,-783.6852119406303,-785.6022706574647,-787.6077134764842,-789.7059091353644,-791.9014877160962,-794.1993605135117,-796.6047418014498,-799.1231727167578,-801.7605475114282,-804.5231424580959,-807.4176477347652,-810.4512026618191,-813.6314347195956,-816.9665028395964,-820.465145538188,-824.1367345515154,-827.9913347361121,-832.0397711256471,-836.293704183942,-840.7657144736404,-845.4693981748271,-850.4194751470538,-855.6319115418337,-861.1240593539189,-866.914815765283,-873.0248057073441,-879.4765917719906,-886.2949164766692,-893.5069829796438,-901.1427817109371,-909.2354721133264,-917.821830886274,-926.9427809401741,-936.6440188993068,-946.9767637129261,-957.9986551251696,-969.7748389463815,-982.3792870134006,-995.8964144997689,-1010.4230774007763,-1026.0710608671582,-1042.970208020931,-1061.2723941482586,-1081.1566307349335,-1102.83570026475,-1126.5648961983459,-1152.6537061088752,-1181.481684972609,-1213.5204155107067,-1249.364512360718,-1289.7764060598925,-1335.7527272097068,-1388.6256536938117,-1450.2229513237207,-1523.1307189777053,-1611.1445494088493,-1720.0856121724682,-1859.3666505079163,-2045.2118499723656,-2307.8817909697536,-2708.727258087616,-3389.887981111897,-4743.571342618583,-9182.18863377397
1.0,1.0,2.0,16.0,0.0,0.0,-750.1704284577138,-750.5197837623002,-750.8865039552878,-751.2713131971002,-751.6749663824213,-752.0982505972961,-752.5419866579548,-753.0070307368309,-753.4942760817697,-754.0046548348703,-754.5391399578716,-755.0987472717017,-755.6845376183021,-756.2976191536488,-756.9391497815343,-757.6103397386635,-758.3124543423812,-759.0468169134779,-759.8148118875886,-760.6178881299084,-761.4575624694422,-762.3354234703122,-763.2531354595392,-764.2124428323823,-765.2151746585719,-766.2632496148703,-767.358681272152,-768.5035837679011,-769.7001778982853,-770.9507976675343,-772.2578973363467,-773.6240590155253,-775.0520008561123,-776.5445858929913,-778.104831605317,-779.7359202644019,-781.4412101478896,-783.2242477084036,-785.0887807953577,-787.0387730407652,-789.0784195336037,-791.2121639229862,-793.4447171085047,-795.7810776967913,-798.226554427134,-800.786790796653,-803.4677921472673,-806.2759555137603,-809.218102575157,-812.3015161019337,-815.5339803500847,-818.9238259222466,-822.4799796968816,-826.2120205226133,-830.1302414881684,-834.2457197135532,-838.5703947693074,-843.1171570239493,-847.8999474522748,-852.9338707182189,-858.2353236871085,-863.8221419381065,-869.713767357343,-875.9314405201782,-882.498422348264,-889.4402504954376,-896.7850371292309,-904.5638163038581,-912.8109510611525,-921.5646128759738,-930.8673492564657,-940.7667594545787,-951.3163036685926,-962.5762782861757,-974.61499927531,-987.5102487103189,-1001.3510569706677,-1016.2399173515189,-1032.2955636306076,-1049.6564890241955,-1068.4854538374987,-1088.975329823123,-1111.3567792097538,-1135.908494116696,-1162.971075677033,-1192.9661947301606,-1226.4235954988126,-1264.020053341313,-1306.637100887694,-1355.4492417040601,-1412.0636847306505,-1478.7512923178274,-1558.8483040422425,-1657.5006734941517,-1783.160081548349,-1950.9445970166307,-2191.533377685837,-2582.103640975627,-3412.533991633769,-6944.068533930993
1.0,1.0,2.0,17.0,0.0,0.0,-750.1596029792371,-750.4867508234412,-750.8301243939615,-751.1903977890535,-751.5682734974777,-751.9644837271599,-752.3797918070792,-752.814993667216,-753.270919401833,-753.7484349216937,-754.2484437013566,-754.771888628127,-755.3197539598203,-755.8930673990964,-756.4929022926898,-757.1203799647452,-757.7766721940642,-758.4630038461015,-759.1806556713603,-759.9309672830051,-760.7153403275809,-761.5352418640948,-762.3922079680304,-763.2878475785284,-764.2238466086599,-765.2019723406534,-766.2240781301343,-767.2921084457258,-768.4081042731684,-769.574208915985,-770.7926742280874,-772.0658673174825,-773.3962777644015,-774.7865254018903,-776.2393687121553,-777.7577138980455,-779.3446246956836,-781.00333300195,-782.7372503991844,-784.5499806693232,-786.4453334008189,-788.427338804517,-790.5002638693003,-792.6686300048541,-794.9372323384015,-797.3111608539821,-799.7958235887031,-802.3969721295954,-805.1207296890254,-807.9736220763934,-810.9626119300848,-814.0951366280533,-817.3791503587762,-820.8231709094485,-824.4363318164903,-828.2284406282544,-832.2100441543367,-836.3925017246125,-840.7880676591017,-845.4099843643505,-850.272587730706,-855.3914268195258,-860.7834002125644,-866.4669118658699,-872.4620498894684,-878.790792391383,-885.4772454184858,-892.5479191472236,-900.0320498914884,-907.9619772917117,-916.3735883492701,-925.3068429367898,-934.806399273894,-944.9223629212022,-955.7111895536784,-967.2367807516571,-979.5718241956182,-992.7994462835076,-1007.0152682589105,-1022.3299893847495,-1038.872667034945,-1056.7949308693085,-1076.2764678007168,-1097.5322647527685,-1120.8223283342036,-1146.4649683492728,-1174.855331847904,-1206.4918851489736,-1242.0153099561398,-1282.2675132926374,-1328.3846752239242,-1381.950997803869,-1445.2679081891883,-1521.8613767136771,-1617.5345076456688,-1742.85655848833,-1920.2572027266751,-2210.889098155054,-2872.5866842779506,-6045.669259913579
1.0,1.0,2.0,18.0,0.0,0.0,-750.1494322756005,-750.4557177510758,-750.777162837437,-751.1143952021789,-751.4680687627306,-751.8388649006323,-752.227493741591,-752.6346955056946,-753.061241932448,-753.5079377855799,-753.9756224430406,-754.4651715779875,-754.9774989370623,-755.5135582227847,-756.0743450873704,-756.6608992460633,-757.2743067185733,-757.915702208111,-758.5862716282073,-759.2872547885139,-760.0199482517055,-760.7857083747792,-761.5859545491707,-762.4221726555413,-763.2959187505398,-764.2088230044908,-765.1625939108576,-766.1590227902587,-767.1999886142426,-768.2874631764421,-769.423516641612,-770.6103235062477,-771.8501690080192,-773.1454560252458,-774.4987125120866,-775.9125995202814,-777.3899198638574,-778.9336274897155,-780.5468376243011,-782.2328377748562,-783.9950996730905,-785.8372922598776,-787.763295821854,-789.7772174046181,-791.8834076435628,-794.0864791714573,-796.3913267835059,-798.8031495648856,-801.3274752143365,-803.9701868304126,-806.7375524653698,-809.6362577967816,-812.6734423193989,-815.8567395219592,-819.1943215864882,-822.6949492341867,-826.3680274446745,-830.2236678979373,-834.2727591348505,-838.5270456087783,-842.9992170134385,-847.703009530938,-852.6533209587093,-857.8663420602916,-863.3597069604217,-869.1526659940746,-875.2662851535646,-881.7236771987634,-888.550270658518,-895.7741244301566,-903.426297578924,-911.5412863863783,-920.1575438853721,-929.3181013108152,-939.0713164614349,-949.4717814358601,-960.5814323427365,-972.4709175114864,-985.221300123129,-998.9261985770489,-1013.6945072304366,-1029.65389756657,-1046.9553853076004,-1065.7793788817937,-1086.3438267562096,-1108.9154039041427,-1133.8252084899443,-1161.4913423813264,-1192.4523431834746,-1227.4183776204213,-1267.3528228204232,-1313.6086688042092,-1368.170423778461,-1434.1161095117582,-1516.5885288314075,-1625.1200172055314,-1780.3287956065042,-2039.540074444306,-2649.8249579281,-5686.406848313536
1.0,1.0,2.0,19.0,0.0,0.0,-750.1403045041283,-750.4278695373227,-750.7296433476259,-751.0462130980633,-751.3781904000181,-751.7262124366991,-752.0909431470457,-752.4730744740484,-752.8733276816453,-753.2924547447866,-753.7312398175118,-754.1905007844304,-754.6710909012603,-755.1739005306366,-755.6998589799265,-756.2499364483173,-756.8251460910276,-757.4265462092849,-758.0552425753291,-758.7123909026075,-759.3991994722005,-760.1169319275348,-760.8669102505268,-761.6505179335136,-762.4692033627514,-763.3244834306611,-764.217947395752,-765.1512610109678,-766.1261709432939,-767.1445095097613,-768.2081997575224,-769.3192609186798,-770.4798142735839,-771.6920894601593,-772.9584312707455,-774.2813069826227,-775.6633142734978,-777.1071897792402,-778.6158183575953,-780.1922431293495,-781.8396763768528,-783.561511389699,-785.3613353583779,-787.2429434297042,-789.2103540523284,-791.26782575758,-793.4198755403613,-795.67129902731,-798.0271926454993,-800.4929780353068,-803.074428986429,-805.7777012173304,-808.6093653669803,-811.576443624713,-814.6864504915848,-817.9474382463666,-821.3680477844197,-824.9575656111972,-828.7259879081013,-832.6840927523454,-836.8435217706369,-841.2168727471999,-845.8178050006999,-850.6611597055205,-855.7630977780175,-861.1412585010103,-866.8149427497682,-872.8053255494223,-879.1357037905757,-885.8317863265684,-892.9220354696588,-900.4380712236664,-908.4151526203541,-916.8927545169377,-925.9152635208851,-935.5328238452564,-945.8023736032059,-956.7889254101935,-968.5671638004748,-981.2234583415092,-994.8584292534323,-1009.5902578113204,-1025.5590164947694,-1042.9324197128637,-1061.9135920218312,-1082.7517642874325,-1105.7573244350917,-1131.3235279005323,-1159.958725677883,-1192.3358355598716,-1229.3713570226353,-1272.3577484033303,-1323.198600046314,-1384.8584207359718,-1462.3093622048686,-1564.7996187569088,-1712.3954905718178,-1961.0658450693277,-2553.13878206363,-5531.791053540776
1.0,1.0,2.0,20.0,0.0,0.0,-750.1317123403516,-750.4016566768099,-750.6849176589317,-750.9820450681808,-751.2936115144093,-751.6202134811575,-751.9624724269866,-752.3210359464434,-752.6965789946242,-753.0898051794488,-753.5014481262815,-753.9322729197175,-754.3830776278963,-754.8546949150114,-755.3479937483108,-755.8638812062217,-756.4033043949635,-756.9672524815594,-757.5567588519037,-758.1729034031871,-758.8168149810089,-759.489673972265,-760.1927150659953,-760.9272301955402,-761.6945716765617,-762.4961555568646,-763.3334651956105,-764.2080550911205,-765.1215549784303,-766.0756742199777,-767.0722065150763,-768.1130349566399,-769.2001374665182,-770.3355926443229,-771.5215860683105,-772.7604170912363,-774.0545061789658,-775.4064028450563,-776.8187942408007,-778.2945144671994,-779.8365546835151,-781.4480740960151,-783.1324119212289,-784.8931004298407,-786.733879191257,-788.6587106547346,-790.671797221196,-792.7775999812128,-794.980859319049,-797.2866176114294,-799.7002442830254,-802.2274635196871,-804.8743849865643,-807.6475379520249,-810.5539092825726,-813.6009858495111,-816.7968019786189,-820.1499926820564,-823.6698535412955,-827.3664082661826,-831.2504851443927,-835.3338038258466,-839.6290741677992,-844.1501092123494,-848.9119547951561,-853.9310388149524,-859.2253438571191,-864.814607699083,-870.7205572828259,-876.9671830880175,-883.5810625728841,-890.591743595226,-898.032201661078,-905.9393887187405,-914.3548963708204,-923.3257633151134,-932.9054662700597,-943.1551466557702,-954.1451434759995,-965.956928592669,-978.6855776326648,-992.4429640012625,-1007.3619443816666,-1023.6019273334767,-1041.3564087084496,-1060.8633649230953,-1082.4199013043349,-1106.4034144473903,-1133.3030511142797,-1163.7680605360988,-1198.6851088868746,-1239.3079314380263,-1287.487845492719,-1346.1149022660197,-1420.046925909509,-1518.3367143587127,-1660.6601375947769,-1901.9998328362203,-2481.111080829568,-5416.720913034263
1.0,1.0,2.0,21.0,0.0,0.0,-750.1236404771962,-750.3770324211202,-750.6429058812704,-750.9217762947801,-751.2141804839737,-751.5206776357055,-751.8418503332553,-752.1783056441637,-752.530676267748,-752.8996217461647,-753.2858297433927,-753.6900173966761,-754.112932745483,-754.5553562433287,-755.0181023584071,-755.5020212692878,-756.008000662643,-756.5369676404754,-757.0898907450362,-757.6677821102336,-758.2716997493093,-758.9027499892863,-759.5620900637325,-760.2509308764988,-760.970539950244,-761.7222445748667,-762.5074351725661,-763.3275688977662,-764.1841734920398,-765.0788514162798,-766.0132842845493,-766.9892376267386,-768.0085660099337,-769.0732185517858,-770.185244862711,-771.3468014579353,-772.5601586850913,-773.8277082182989,-775.1519711757187,-776.5356069242972,-777.9814226433323,-779.4923837271338,-781.0716251174333,-782.7224636676078,-784.4484116542696,-786.2531915671416,-788.1407523258353,-790.1152870928911,-792.1812528761628,-794.3433921416189,-796.6067566900779,-798.976734089421,-801.4590769987917,-804.0599357737472,-806.7858948041101,-809.644013110088,-812.6418698107433,-815.7876151845395,-819.0900281685738,-822.5585812962788,-826.2035142588454,-830.0359175015969,-834.0678275425435,-838.3123360402737,-842.7837150580583,-847.4975614930167,-852.4709642921678,-857.7226988985929,-863.2734544123318,-869.1461002788146,-875.3660010260767,-881.9613897854499,-888.9638142247229,-896.4086723401731,-904.3358606395748,-912.790564094581,-921.82422656209,-931.4957532205178,-941.8730145069073,-953.0347464563799,-965.0729789188113,-978.0961766673879,-992.2333582808499,-1007.6395793291928,-1024.5033560177023,-1043.0569087803337,-1063.5906048978486,-1086.4738296708642,-1112.1860192809181,-1141.3643658250194,-1174.8801050343704,-1213.9664558855925,-1260.4461020054268,-1317.1665736543605,-1388.9172539235183,-1484.6282793806333,-1623.720009890426,-1860.5077234393177,-2431.2236990599968,-5337.100944206179
1.0,1.0,2.0,22.0,0.0,0.0,-750.1165679423982,-750.3554587904201,-750.6061043306394,-750.8689914723061,-751.1446274010802,-751.4335405140449,-751.7362814053105,-752.0534239055888,-752.3855661792403,-752.7333318827137,-753.0973713884595,-753.4783630789071,-753.8770147152932,-754.294064886669,-754.7302845447608,-755.1864786309299,-755.6634878018898,-756.1621902616191,-756.6835037072996,-757.2283873980882,-757.797844356097,-758.3929237099788,-759.0147231923927,-759.6643918037064,-760.3431326555228,-761.0522060088463,-761.7929325232509,-762.5666967349853,-763.3749507837792,-764.2192184101726,-765.1010992473883,-766.0222734344183,-766.9845065797675,-767.989655108489,-769.0396720288935,-770.1366131592583,-771.2826438595315,-772.4800463182244,-773.7312274507494,-775.0387274719147,-776.405229213296,-777.833568264764,-779.3267440294865,-780.8879317933989,-782.5204959231334,-784.2280043218391,-786.0142442898073,-787.8832399572918,-789.8392714805549,-791.8868962198181,-794.0309721499577,-796.2766837926214,-798.6295710027591,-801.0955609949808,-803.6810040569607,-806.39271347073,-809.2380102503421,-812.2247734091125,-815.361496595691,-818.6573520901206,-822.1222633351261,-825.76698740195,-829.6032090641445,-833.6436484899552,-837.9021849803163,-842.3939996976762,-847.1357409785326,-852.1457166380098,-857.4441187076975,-863.0532873662742,-868.998022517166,-875.3059536639768,-882.0079816056384,-889.1388092602944,-896.737583972513,-904.8486804491855,-913.5226627158627,-922.81747622688,-932.79993905625,-943.5476263028454,-955.1512781148075,-967.7179148336011,-981.3749219602503,-996.2754882780073,-1012.6059685032815,-1030.596042630346,-1050.533039531963,-1072.7826357129597,-1097.8196311623349,-1126.275258515419,-1159.0128371684425,-1197.2546513738152,-1242.8075514618363,-1298.4947658989363,-1369.0654943180211,-1463.3764540073707,-1600.6932669020184,-1834.9237929662565,-2400.7305112700033,-5288.4142703383795
1.0,1.0,2.0,23.0,0.0,0.0,-750.1099809883991,-750.3353671892854,-750.5718332341695,-750.8198402147614,-751.0798685395134,-751.3524188329593,-751.6380128843057,-751.9371946484547,-752.2505313030683,-752.5786143653626,-752.9220608727579,-753.2815146318162,-753.6576475402588,-754.0511609871875,-754.4627873372403,-754.8932915046596,-755.3434726240199,-755.814165824736,-756.3062441172722,-756.8206203995651,-757.3582495930189,-757.9201309182375,-758.5073103217217,-759.1208830656208,-759.7619964940272,-760.4318529904016,-761.1317131423228,-761.862899131247,-762.6267983668686,-763.4248673875338,-764.258636050663,-765.1297120393282,-766.0397857142588,-766.9906353435597,-767.9841327461047,-769.0222493885044,-770.1070629802872,-771.2407646169912,-772.4256665267181,-773.664210482595,-774.9589769509241,-776.3126950537534,-777.7282534344198,-779.2087121260724,-780.7573155363575,-782.3775066765307,-784.0729427807472,-785.8475124816493,-787.7053547316852,-789.6508796872621,-791.6887918045785,-793.8241154337725,-796.0622232418451,-798.4088678470039,-800.8702171084709,-803.4528935889236,-806.1640187937364,-809.0112628953151,-812.002900776127,-815.1478753746765,-818.4558695018302,-821.9373875173444,-825.6038485289508,-829.4676931110974,-833.5425059543114,-837.8431573709487,-842.3859672263989,-847.1888956748963,-852.2717661050942,-857.6565270103192,-863.3675611812239,-869.4320528009941,-875.8804258742637,-882.7468711828576,-890.0699839720306,-897.8935413152299,-906.2674572878029,-915.2489667332329,-924.9041060752163,-935.3095846588274,-946.5551761212375,-958.746812013917,-972.010638541883,-986.4984170655871,-1002.3948357195306,-1019.9275981713121,-1039.3816474468008,-1061.1197201492146,-1085.6129070000281,-1113.4876307025374,-1145.6007705214402,-1183.1656545810579,-1227.9760946615968,-1282.8352287004668,-1352.4589559220558,-1445.6430830860675,-1581.5248305808782,-1813.6738801872277,-2375.445508388116,-5248.031172564958
1.0,1.0,3.0,0.0,0.0,0.0,-750.103883490232,-750.316769442087,-750.5401127747015,-750.7743514932115,-751.0199421100068,-751.2773605171457,-751.5471029071699,-751.829686745473,-752.1256517978017,-752.4355612165482,-752.760002689934,-753.0995896584751,-753.4549626034946,-753.826790412768,-754.2157718289945,-754.6226369870324,-755.0481490466049,-755.4931059275538,-755.9583421555132,-756.4447308264685,-756.9531856995053,-757.4846634278576,-758.0401659394234,-758.6207429787725,-759.2274948240669,-759.8615751934047,-760.524194356707,-761.2166224707364,-761.9401931567558,-762.6963073421662,-763.486437389974,-764.3121315421083,-765.1750187057261,-766.0768136146438,-767.0193224016913,-768.0044486217076,-769.0341997696164,-770.1106943430525,-771.2361695048443,-772.412989407514,-773.6436542492665,-774.9308101398403,-776.2772598643812,-777.6859746448887,-779.1601070119085,-780.7030049141538,-782.3182272111401,-784.0095607141956,-785.7810389644042,-787.6369629635838,-789.5819241059808,-791.6208295959774,-793.758930680706,-796.0018540784007,-798.3556370443965,-800.8267665894525,-803.4222234516225,-806.1495315264899,-809.0168135852488,-812.0328542599644,-815.2071714575541,-818.5500975852809,-822.0728722416228,-825.7877483593071,-829.7081141989439,-833.8486341036837,-838.2254115651094,-842.856178956192,-847.7605193074655,-852.9601268050458,-858.4791143624977,-864.3443787887356,-870.5860369090376,-877.2379497369118,-884.3383567766052,-891.9306492419523,-900.0643201071478,-908.7961414856993,-918.191637402153,-928.3269449073116,-939.2911922978712,-951.1895756197923,-964.1473928265698,-978.3154140563165,-993.8771521308313,-1011.0588943436521,-1030.143845706745,-1051.492566483878,-1075.5733591000167,-1103.0089792957203,-1134.6513353169653,-1171.7067703172524,-1215.9588448581324,-1270.1948109471477,-1339.1041459653081,-1431.4342556454026,-1566.220309035864,-1796.7631069727886,-2355.373676054478,-5215.959546909633
